NUMBER	ENGLISH	SPANISH	FRENCH	PORTUGUESE	SEMANTIC_FIELD	CONCEPTICON_ID	CONCEPTICON_GLOSS	SIMILARITYge
1	achiote	achiote	roucou	urucum	plant	349	ACHIOTE	2ge
2	afternoon	tarde	après-midi	tarde	temporal adv	1807	AFTERNOON	2ge
3	agouti	añuje, picure	agouti	cutia	animal	313	AGOUTI	2ge
4	ají, pepper	ají, pimiento, chile	piment	pimenta	plant	1385	PEPPER	4ge
5	all	todos	tout	tudo	quantifier	98	ALL	2ge
6	animal	animal	animal	animal	animal	619	ANIMAL	2ge
7	ankle	tobillo	cheville	tornozelo	body part	803	ANKLE	2ge
8	ant, general	hormiga	fourmi	formiga	insect	587	ANT	4ge
9	anteater	oso hormiguero	fourmilier	tamanduá	animal	181	ANTEATER	2ge
10	aquatic snail (edible)	caracol	limace, escargot	caracol	mollusk		???	ge
11	arm	brazo	bras	braço	body part	1673	ARM	2ge
12	armadillo (fish), armored catfish	armadillo (pez), carachama	tatou (poisson)	tatu (peixes), cascudo	fish	1885	ARMADILLO	4ge
13	armadillo, general	armadillo, carachupa	tatou	tatu	animal	1885	ARMADILLO	4ge
14	arrive	llegar	arriver	chegar	verb.mot	1387	ARRIVE	2ge
15	arrow	flecha	flèche	seta, flecha	material culture	977	ARROW	2ge
16	ashes	ceniza	cendres	cinzas	material culture	646	ASH	2ge
17	ashes, dust	ceniza, polvo	cendres, poussière	poeira, pó	material culture	646	ASH	2ge
18	ask (question)	preguntar	poser	perguntar	verb.speak	1309	ASK (INQUIRE)	2ge
#<<<								ge
19	ask (request)	pedir	demander	pedir	verb.speak	1309	ASK (INQUIRE)	4ge
19	ask (request)	pedir	demander	pedir	verb.speak	1828	ASK (REQUEST)	4ge
#>>>								ge
#<<<								ge
20	at, to (ben or loc)	a, en, hacia	à, en	ás, em	ad.loc/ben.loc	1336	EAT	4ge
20	at, to (ben or loc)	a, en, hacia	à, en	ás, em	ad.loc/ben.loc	1409	SEE	4ge
20	at, to (ben or loc)	a, en, hacia	à, en	ás, em	ad.loc/ben.loc	1585	SLEEP	4ge
20	at, to (ben or loc)	a, en, hacia	à, en	ás, em	ad.loc/ben.loc	1401	DRINK	4ge
20	at, to (ben or loc)	a, en, hacia	à, en	ás, em	ad.loc/ben.loc	1447	GIVE	4ge
20	at, to (ben or loc)	a, en, hacia	à, en	ás, em	ad.loc/ben.loc	1416	SIT	4ge
20	at, to (ben or loc)	a, en, hacia	à, en	ás, em	ad.loc/ben.loc	1408	HEAR	4ge
20	at, to (ben or loc)	a, en, hacia	à, en	ás, em	ad.loc/ben.loc	1494	DIE	4ge
20	at, to (ben or loc)	a, en, hacia	à, en	ás, em	ad.loc/ben.loc	1446	COME	4ge
20	at, to (ben or loc)	a, en, hacia	à, en	ás, em	ad.loc/ben.loc	1442	STAND	4ge
20	at, to (ben or loc)	a, en, hacia	à, en	ás, em	ad.loc/ben.loc	1410	KNOW (SOMETHING)	4ge
20	at, to (ben or loc)	a, en, hacia	à, en	ás, em	ad.loc/ben.loc	1403	BITE	4ge
20	at, to (ben or loc)	a, en, hacia	à, en	ás, em	ad.loc/ben.loc	1441	FLY (MOVE THROUGH AIR)	4ge
20	at, to (ben or loc)	a, en, hacia	à, en	ás, em	ad.loc/ben.loc	1443	WALK	4ge
20	at, to (ben or loc)	a, en, hacia	à, en	ás, em	ad.loc/ben.loc	1439	SWIM	4ge
20	at, to (ben or loc)	a, en, hacia	à, en	ás, em	ad.loc/ben.loc	1355	LAUGH	4ge
20	at, to (ben or loc)	a, en, hacia	à, en	ás, em	ad.loc/ben.loc	1422	BE ALIVE	4ge
20	at, to (ben or loc)	a, en, hacia	à, en	ás, em	ad.loc/ben.loc	1419	FEAR (BE AFRAID)	4ge
20	at, to (ben or loc)	a, en, hacia	à, en	ás, em	ad.loc/ben.loc	1457	SEW	4ge
20	at, to (ben or loc)	a, en, hacia	à, en	ás, em	ad.loc/ben.loc	1421	SUCK	4ge
20	at, to (ben or loc)	a, en, hacia	à, en	ás, em	ad.loc/ben.loc	1440	SPIT	4ge
20	at, to (ben or loc)	a, en, hacia	à, en	ás, em	ad.loc/ben.loc	1452	PUSH	4ge
20	at, to (ben or loc)	a, en, hacia	à, en	ás, em	ad.loc/ben.loc	1433	HIT	4ge
20	at, to (ben or loc)	a, en, hacia	à, en	ás, em	ad.loc/ben.loc	1839	CRY	4ge
20	at, to (ben or loc)	a, en, hacia	à, en	ás, em	ad.loc/ben.loc	695	GO	4ge
20	at, to (ben or loc)	a, en, hacia	à, en	ás, em	ad.loc/ben.loc	1461	AT	4ge
20	at, to (ben or loc)	a, en, hacia	à, en	ás, em	ad.loc/ben.loc	1623	SPEAK	4ge
20	at, to (ben or loc)	a, en, hacia	à, en	ás, em	ad.loc/ben.loc	1586	SMELL (PERCEIVE)	4ge
20	at, to (ben or loc)	a, en, hacia	à, en	ás, em	ad.loc/ben.loc	319	LICK	4ge
20	at, to (ben or loc)	a, en, hacia	à, en	ás, em	ad.loc/ben.loc	602	HIDE (CONCEAL)	4ge
20	at, to (ben or loc)	a, en, hacia	à, en	ás, em	ad.loc/ben.loc	1090	BE BORN	4ge
20	at, to (ben or loc)	a, en, hacia	à, en	ás, em	ad.loc/ben.loc	1415	THINK (REFLECT)	4ge
20	at, to (ben or loc)	a, en, hacia	à, en	ás, em	ad.loc/ben.loc	1387	ARRIVE	4ge
20	at, to (ben or loc)	a, en, hacia	à, en	ás, em	ad.loc/ben.loc	1195	GIVE BIRTH	4ge
20	at, to (ben or loc)	a, en, hacia	à, en	ás, em	ad.loc/ben.loc	1159	FART	4ge
20	at, to (ben or loc)	a, en, hacia	à, en	ás, em	ad.loc/ben.loc	203	MARRY	4ge
20	at, to (ben or loc)	a, en, hacia	à, en	ás, em	ad.loc/ben.loc	814	DRESS UP	4ge
#>>>								ge
21	avocado	palta	avocat	abacate	plant.edible		???	ge
22	axe	hacha	hache	machado	material culture	677	AXE	2ge
23	back	espalda	dos	costas	body part	1291	BACK	2ge
24	bad	malo	mauvais	ruim	adv.qual	1292	BAD	2ge
25	bamboo	guadua, bambú	bambou	bambu	plant	1927	BAMBOO	2ge
26	Banisteriopsis caapi	ayahuasca, yagé, yajé, caapi	Banisteriopsis caapi	caapi, cipó	plant.med		???	ge
27	bark (of tree)	corteza, carapa	écorce	casca	plant	1204	BARK	2ge
28	basket	cesto, canasta	panier	cesto	material culture	1539	BASKET	2ge
29	bat	murcielago	chauve-souris	morcego	animal	1793	BAT	2ge
30	bat (vampire)	murcielago (vampiro)	chauve-souris (vampire)	vampiro	animal	1793	BAT	4ge
31	bathe	bañarse	baigner	banhar	verb.refl	138	BATHE	2ge
#<<<								ge
32	be angry	rabiar, enojarse	se fâcher	raiva	verb.emot	1826	ANGRY	4ge
32	be angry	rabiar, enojarse	se fâcher	raiva	verb.emot	2223	BE ANGRY	4ge
#>>>								ge
33	be bitter	amargo	amer	amargo	verb.stat	887	BITTER	4ge
#<<<								ge
34	be black	negro	noir	preto	verb.stat	163	BLACK	4ge
34	be black	negro	noir	preto	verb.stat	2633	BLACK OR DARK	4ge
#>>>								ge
#<<<								ge
35	be blue	azul	bleu	azul	verb.stat	837	BLUE	4ge
35	be blue	azul	bleu	azul	verb.stat	2382	BLUE OR GREEN	4ge
#>>>								ge
36	be born	nacer	naître	nascer	verb	1090	BE BORN	2ge
#<<<								ge
37	be dark, be night	oscuro	dans le noir, faire nuit, sombre	escuro	verb.stat	1233	NIGHT	4ge
37	be dark, be night	oscuro	dans le noir, faire nuit, sombre	escuro	verb.stat	706	DARK	4ge
37	be dark, be night	oscuro	dans le noir, faire nuit, sombre	escuro	verb.stat	2633	BLACK OR DARK	4ge
#>>>								ge
38	be full.VI	llenar	remplir	encher	verb.stat		???	ge
39	be hanging	estar colgado	suspendre, être pendu	pendurado	verb.stat		???	ge
40	be happy	estar felíz	heureux	feliz	verb.emot	1495	HAPPY	4ge
#<<<								ge
41	be hot	caliente	chaud	quente	verb.stat	1286	HOT	4ge
41	be hot	caliente	chaud	quente	verb.stat	2272	HOT OR WARM	4ge
41	be hot	caliente	chaud	quente	verb.stat	544	SPICY	4ge
#>>>								ge
42	be hungry	tener hambre	avoir faim	estar com fome	verb.stat	1533	BE HUNGRY	4ge
43	be in inclined position	agacharse	être penché	agachar-se	verb.stat		???	ge
44	be intoxicated, hallucinate	(estar) mareado, borracho, ebrio	être ivre, halluciner	bêbado	verb.stat	1463	DRUNK	4ge
45	be lost	perderse, perdido	se perdre, perdu	perdido	verb.stat		???	ge
46	be lying (in hammock)	acostarse en hamaca	se coucher dans un hamac	deitar-se	verb.stat		???	ge
47	be lying (on surface)	acostarse	se coucher, s'allonger	deitar-se	verb.stat		???	ge
48	be odorous (fragrant)	estar oloroso, emanar olor	être odorant, parfumé	cheiroso	verb.stat		???	ge
49	be pregnant	estar embarazada, preñada, encinta	être enceinte	grávida	verb.stat	1123	PREGNANT	4ge
50	be ripe	(estar) maduro	être mûr	maduro	verb.stat	178	RIPE	4ge
51	be sad	tener pena	être triste	triste	verb.stat	699	SAD	4ge
52	be sharp (of edge)	tener filo, estar filudo	être aiguisé, tranchant, effilé	afiado	verb.stat	1396	SHARP	4ge
53	be sharp (of point)	agudo, cortante, punzante	être aiguisé, effilé, pointu	agudo, apontado	verb.stat	1396	SHARP	4ge
54	be shiny	brillar	briller	brilhar	verb.stat		???	ge
55	be sick	enfermarse	être malade	enfermar-se, ficar doente (humano)	verb.stat	1847	SICK	2ge
#<<<								ge
56	be sick (non-human)	enfermarse (no humano)	être malade (non-humaine)	enfermar-se, ficar doente (não humano)	verb.stat	1494	DIE	4ge
56	be sick (non-human)	enfermarse (no humano)	être malade (non-humaine)	enfermar-se, ficar doente (não humano)	verb.stat	1847	SICK	4ge
56	be sick (non-human)	enfermarse (no humano)	être malade (non-humaine)	enfermar-se, ficar doente (não humano)	verb.stat	2103	PAINFUL OR SICK	4ge
#>>>								ge
#<<<								ge
57	be small	pequeño	petit	pequeno	verb.stat	1246	SMALL	4ge
57	be small	pequeño	petit	pequeno	verb.stat	2484	SMALL (NOT TALL)	4ge
#>>>								ge
58	be smooth	liso	lisse	liso	verb.stat	1234	SMOOTH	4ge
59	be sour	agrio	aigre	azedo	verb.stat	1906	SOUR	4ge
60	be standing up	estar de pie, pararse	être debout	levantar-se	verb.stat		???	ge
61	be stinky, issue a bad smell	apestar (heder)	fêtide, malodorant, rance	pestear, feder	verb.stat		???	ge
#<<<								ge
62	be strong, powerful	tener fuerza	être fort, puissant	forte, podoroso, tem força	verb.stat	785	STRONG	4ge
62	be strong, powerful	tener fuerza	être fort, puissant	forte, podoroso, tem força	verb.stat	510	STRONG EFFECT	4ge
#>>>								ge
63	be sweet	dulce	doux, sucré	doce	verb.stat	717	SWEET	4ge
64	be tasty	sabroso	savoureux, goûteux	saboroso, gostoso	verb.stat	1813	TASTY	4ge
65	be thirsty	tener sed	avoir soif	estar com sede	verb.stat	847	THIRSTY	4ge
66	be tired	(estar) cansado	être fatigué	cansado, exausto	verb.stat	1757	TIRED	2ge
67	be used to	acostumbrarse	s'habituer, avoir l'habitude	acostumar-se	verb.stat		???	ge
68	be visible	ser visible, aparecer	être visible	aparecer	verb.stat	1868	VISIBLE	4ge
#<<<								ge
69	be warm, hot, of weather or obj	caliente	chaud	quente	verb.stat	1286	HOT	4ge
69	be warm, hot, of weather or obj	caliente	chaud	quente	verb.stat	1232	WARM	4ge
69	be warm, hot, of weather or obj	caliente	chaud	quente	verb.stat	2272	HOT OR WARM	4ge
69	be warm, hot, of weather or obj	caliente	chaud	quente	verb.stat	544	SPICY	4ge
69	be warm, hot, of weather or obj	caliente	chaud	quente	verb.stat	2110	WARM (OF WEATHER)	4ge
#>>>								ge
70	be weak	débil	faible	fraco, frágil	verb.stat	1601	WEAK	4ge
#<<<								ge
71	be wet	mojado	mouillê	molhado	verb.stat	1726	WET	4ge
71	be wet	mojado	mouillê	molhado	verb.stat	28	MOISTEN	4ge
#>>>								ge
72	be white	blanco	blanc	branco	verb.stat	1335	WHITE	4ge
#<<<								ge
73	be wide	ancho	large	largo	verb.stat	1243	WIDE	4ge
73	be wide	ancho	large	largo	verb.stat	2652	BROAD OR WIDE	4ge
#>>>								ge
74	be yellow	amarillo	jaune	amarelo	verb.stat	1424	YELLOW	4ge
75	bead (N)	chaquira	perle	conta miçanga	material culture	1860	BEAD	4ge
76	beard	barba	barbe	barba	body part	678	BEARD	2ge
77	become skinny (of person/object), become smoked (of food)	enflaquecerse, estar ahumado	maigrir	enfraquecerse, estar afumado	verb.stat	738	THING	4ge
78	bee	abeja	abeille	abelha	insect	665	BEE	2ge
79	beetle	escarabajo	scarabée	besouro, escaravelho	insect	2242	BEETLE	2ge
80	belch, burp	eructar	roter	arrotar	verb.act	2245	BELCH	4ge
81	believe	creer	croire	crer	verb.stat	1890	BELIEVE	2ge
82	belly	barriga	ventre	barriga	body part	1251	BELLY	2ge
83	belly button	ombligo	nombril	umbigo	body part		???	ge
84	bent	doblado, tuerto	plié, courbé, tordu	dobrado, encurvado	verb.stat		???	ge
85	big	grande	grand	grand	verb.stat	1202	BIG	2ge
86	bird, general	pajaro, ave	oiseau	pássaro	bird	937	BIRD	4ge
87	bite	morder	mordre	morder	verb.act	1403	BITE	2ge
88	biting gnat, Simulium spp., Sp “mosca negra”	mosca	mouche	mosca, mancha, mosca-preta	insect		???	ge
89	black armadillo (fish)	armadillo negro (pez)	tatou noir	cascudo	fish		???	ge
90	blood	sangre	sang	sangue	body part	946	BLOOD	2ge
91	blow (wind)	soplar (viento)	souffler (vent)	soprar	verb.int	175	BLOW (OF WIND)	2ge
#<<<								ge
92	blow, shoot blowgun	soplar	souffler	assoprar, soprar	verb.act	175	BLOW (OF WIND)	4ge
92	blow, shoot blowgun	soplar	souffler	assoprar, soprar	verb.act	176	BLOW (WITH MOUTH)	4ge
#>>>								ge
93	blowgun	cerbatana, bodoquera, pucuna	sarbacane	zarabatana	material culture	432	BLOWGUN	2ge
#<<<								ge
94	bluff, cliff, esp. at riverbank	acantilado	falaise	escarpado, acantilado, escarpamento	terrain	618	PRECIPICE	4ge
94	bluff, cliff, esp. at riverbank	acantilado	falaise	escarpado, acantilado, escarpamento	terrain	992	CLIFF	4ge
#>>>								ge
#<<<								ge
95	boil (VI)	hervir	bouiller	ferver, cozer	verb.int	1100	COOK (SOMETHING)	4ge
95	boil (VI)	hervir	bouiller	ferver, cozer	verb.int	792	BOIL (OF LIQUID)	4ge
95	boil (VI)	hervir	bouiller	ferver, cozer	verb.int	2493	BOIL	4ge
95	boil (VI)	hervir	bouiller	ferver, cozer	verb.int	1809	PIMPLE	4ge
95	boil (VI)	hervir	bouiller	ferver, cozer	verb.int	793	BOIL (OF SKIN)	4ge
95	boil (VI)	hervir	bouiller	ferver, cozer	verb.int	2492	BOIL (SOMETHING)	4ge
#>>>								ge
96	bone	hueso	os	osso	body part	1394	BONE	2ge
97	botfly larva, grub, lives in animal	gusano, larva	ver, larve	gusano, chigoe, larva	insect		???	ge
98	bow	arco	arc	arco	material culture	994	BOW	2ge
#<<<								ge
99	boy, male child	muchacho, niño	garçon	garoto, menino	other	1366	BOY	4ge
99	boy, male child	muchacho, niño	garçon	garoto, menino	other	2391	BOY OR SON	4ge
#>>>								ge
100	brain	cerebro, seso	cerveau	cérebro	body part	1583	BRAIN	2ge
101	branch	rama	branche	galho, ramo	plant	1531	BRANCH	2ge
102	brazil nut	nuez de Brasil	noix du Brésil	castanha-do-pará	plant		???	ge
#<<<								ge
103	break (VI)	romperse	se casser, se rompre, se briser	quebrar-se	verb.int	680	BREAK (DESTROY OR GET DESTROYED)	4ge
103	break (VI)	romperse	se casser, se rompre, se briser	quebrar-se	verb.int	681	DESTROY	4ge
103	break (VI)	romperse	se casser, se rompre, se briser	quebrar-se	verb.int	2558	BREAK (CLEAVE)	4ge
103	break (VI)	romperse	se casser, se rompre, se briser	quebrar-se	verb.int	460	BREAK (OF ROPE)	4ge
#>>>								ge
104	break (VI) in many pieces, of sth rigid and 2D	romperse, desbaratar	se casser, se rompre, se briser	desbaratar, quebrar-se em varios pedaços	verb.int		???	ge
#<<<								ge
105	break (VI), of sth rigid and 3D such as an egg	romperse, chancarse	se casser, se rompre, se briser	triturar	verb.int	680	BREAK (DESTROY OR GET DESTROYED)	4ge
105	break (VI), of sth rigid and 3D such as an egg	romperse, chancarse	se casser, se rompre, se briser	triturar	verb.int	681	DESTROY	4ge
105	break (VI), of sth rigid and 3D such as an egg	romperse, chancarse	se casser, se rompre, se briser	triturar	verb.int	2558	BREAK (CLEAVE)	4ge
105	break (VI), of sth rigid and 3D such as an egg	romperse, chancarse	se casser, se rompre, se briser	triturar	verb.int	460	BREAK (OF ROPE)	4ge
#>>>								ge
#<<<								ge
106	break (VT)	romper, quebrar	casser, briser, rompre	quebrar	verb.act	680	BREAK (DESTROY OR GET DESTROYED)	4ge
106	break (VT)	romper, quebrar	casser, briser, rompre	quebrar	verb.act	681	DESTROY	4ge
106	break (VT)	romper, quebrar	casser, briser, rompre	quebrar	verb.act	2558	BREAK (CLEAVE)	4ge
106	break (VT)	romper, quebrar	casser, briser, rompre	quebrar	verb.act	460	BREAK (OF ROPE)	4ge
#>>>								ge
107	break (VT) in half, of sth rigid, completely breaking or cutting	trozar, pedacear	fendre, casser	quebrar em dois	verb.act		???	ge
108	break (VT) into many pieces, of sth brittle such as tobacco leaves, crumble	desmenuzar	déchiqueter	quebrar em varios pedaços	verb.act		???	ge
#<<<								ge
109	break (VT), of sth rigid and 3D such as an egg	chancar	casser	triturar	verb.act	680	BREAK (DESTROY OR GET DESTROYED)	4ge
109	break (VT), of sth rigid and 3D such as an egg	chancar	casser	triturar	verb.act	681	DESTROY	4ge
109	break (VT), of sth rigid and 3D such as an egg	chancar	casser	triturar	verb.act	2558	BREAK (CLEAVE)	4ge
109	break (VT), of sth rigid and 3D such as an egg	chancar	casser	triturar	verb.act	460	BREAK (OF ROPE)	4ge
#>>>								ge
#<<<								ge
110	break (VT), of sth rigid, without complete break; as you break branches to indicate path	quebrar	casser, plier	quebrar	verb.act	680	BREAK (DESTROY OR GET DESTROYED)	4ge
110	break (VT), of sth rigid, without complete break; as you break branches to indicate path	quebrar	casser, plier	quebrar	verb.act	681	DESTROY	4ge
110	break (VT), of sth rigid, without complete break; as you break branches to indicate path	quebrar	casser, plier	quebrar	verb.act	2558	BREAK (CLEAVE)	4ge
110	break (VT), of sth rigid, without complete break; as you break branches to indicate path	quebrar	casser, plier	quebrar	verb.act	460	BREAK (OF ROPE)	4ge
#>>>								ge
#<<<								ge
111	breast	seno	sein	seio	body part	1402	BREAST	2ge
111	breast	seno	sein	seio	body part	1592	CHEST	2ge
#>>>								ge
112	breastfeed, of baby	mamar	téter	mamar	verb.act		???	ge
113	breastfeed, of mother	amamantar	allaiter, donner le sein à, nourrir au sein	amamentar	verb.act		???	ge
114	breathe	respirar	respirer	respirar, aspirar	verb.int	1407	BREATHE	2ge
115	bring	traer	apporter, amener	trazer	verb.act	692	BRING	2ge
#<<<								ge
116	brother (general)	hermano	frère	irmão	kinship term	1262	BROTHER	4ge
116	brother (general)	hermano	frère	irmão	kinship term	1759	OLDER BROTHER	4ge
116	brother (general)	hermano	frère	irmão	kinship term	559	BROTHER (OF MAN)	4ge
116	brother (general)	hermano	frère	irmão	kinship term	2414	OLDER BROTHER (OF MAN)	4ge
116	brother (general)	hermano	frère	irmão	kinship term	2416	YOUNGER BROTHER (OF MAN)	4ge
116	brother (general)	hermano	frère	irmão	kinship term	2415	OLDER BROTHER (OF WOMAN)	4ge
116	brother (general)	hermano	frère	irmão	kinship term	2417	YOUNGER BROTHER (OF WOMAN)	4ge
116	brother (general)	hermano	frère	irmão	kinship term	560	BROTHER (OF WOMAN)	4ge
#>>>								ge
117	brother of father	tío paterno	oncle paternal	tio paterno	kinship		???	ge
#<<<								ge
118	brother, no age spec	hermano	frère	irmão	kinship term	1262	BROTHER	4ge
118	brother, no age spec	hermano	frère	irmão	kinship term	1759	OLDER BROTHER	4ge
118	brother, no age spec	hermano	frère	irmão	kinship term	559	BROTHER (OF MAN)	4ge
118	brother, no age spec	hermano	frère	irmão	kinship term	2414	OLDER BROTHER (OF MAN)	4ge
118	brother, no age spec	hermano	frère	irmão	kinship term	2416	YOUNGER BROTHER (OF MAN)	4ge
118	brother, no age spec	hermano	frère	irmão	kinship term	2415	OLDER BROTHER (OF WOMAN)	4ge
118	brother, no age spec	hermano	frère	irmão	kinship term	2417	YOUNGER BROTHER (OF WOMAN)	4ge
118	brother, no age spec	hermano	frère	irmão	kinship term	560	BROTHER (OF WOMAN)	4ge
#>>>								ge
119	brother-in-law	cuñado	beau-frère	cunhado	kinship term	2314	BROTHER-IN-LAW	2ge
#<<<								ge
120	burn, be on fire, VI, stative	quemarse	flamber, se brûler	queimar	verb.int	2102	BURN	4ge
120	burn, be on fire, VI, stative	quemarse	flamber, se brûler	queimar	verb.int	141	BURN (SOMETHING)	4ge
120	burn, be on fire, VI, stative	quemarse	flamber, se brûler	queimar	verb.int	1428	BURNING	4ge
120	burn, be on fire, VI, stative	quemarse	flamber, se brûler	queimar	verb.int	1962	ROAST (SOMETHING)	4ge
#>>>								ge
#<<<								ge
121	burn, consume with fire, Vt, active	quemar	brûler, faire brûler	queimar	verb.int	2102	BURN	4ge
121	burn, consume with fire, Vt, active	quemar	brûler, faire brûler	queimar	verb.int	141	BURN (SOMETHING)	4ge
121	burn, consume with fire, Vt, active	quemar	brûler, faire brûler	queimar	verb.int	1428	BURNING	4ge
121	burn, consume with fire, Vt, active	quemar	brûler, faire brûler	queimar	verb.int	1962	ROAST (SOMETHING)	4ge
121	burn, consume with fire, Vt, active	quemar	brûler, faire brûler	queimar	verb.int	1861	ACTIVE	4ge
#>>>								ge
#<<<								ge
122	burst, break open, of a container or blister (VI)	reventar, estallar, p.ej una ampolla	éclater	rebentar, estourar	verb.int	680	BREAK (DESTROY OR GET DESTROYED)	4ge
122	burst, break open, of a container or blister (VI)	reventar, estallar, p.ej una ampolla	éclater	rebentar, estourar	verb.int	1584	BLISTER	4ge
#>>>								ge
123	bury	enterrar	enterrer	enterrar	verb.act	1719	BURY	2ge
124	butterfly	mariposa	papillon	borboleta	insect	1791	BUTTERFLY	2ge
125	buttocks	nalga	fesses	nádegas	body part	834	BUTTOCKS	2ge
126	caiman	caimán	caïman	caimão	reptile	2438	CAIMAN	2ge
127	calf	pantorilla	mollet	panturrilha	body part	1989	CALF	2ge
#<<<								ge
128	call (VT)	llamar a	appeler	chamar	verb.act	1084	CALL	4ge
128	call (VT)	llamar a	appeler	chamar	verb.act	180	CALL BY NAME	4ge
#>>>								ge
129	canoe	canoa	canoë	canoa	material culture	1970	CANOE	2ge
130	capuchin monkey	mono blanco/neɡro	sapajou capucin	macaco, cebus, caicara	animal	439	CEBUS MONKEY	4ge
131	capybara	ronsoco, carpincho, capibara, chigüire	capybara, capibara	capivara	animal	314	CAPYBARA	2ge
#<<<								ge
132	carry (general)	cargar, amarcar (acarrear)	porter	carregar	verb.act	700	CARRY	4ge
132	carry (general)	cargar, amarcar (acarrear)	porter	carregar	verb.act	465	CARRY ON BACK	4ge
132	carry (general)	cargar, amarcar (acarrear)	porter	carregar	verb.act	1123	PREGNANT	4ge
132	carry (general)	cargar, amarcar (acarrear)	porter	carregar	verb.act	412	CARRY IN HAND	4ge
132	carry (general)	cargar, amarcar (acarrear)	porter	carregar	verb.act	413	CARRY ON SHOULDER	4ge
#>>>								ge
133	carry (on back)	Cargar en la espalda	porter une charge sur le dos	carregar nas costas	verb.act	465	CARRY ON BACK	2ge
134	carry (on shoulder)	cargar en el hombro	porter sur les épaules	levar no ombro	verb.act	413	CARRY ON SHOULDER	2ge
135	carve out inside of canoe	tallar, labrar	tailler, sclupter	talhar, entalhar, esculpir, gravar	verb.act		???	ge
136	caterpillar, lives in plant	oruga, bayuca	chenille	lagarta	insect	2247	CATERPILLAR	4ge
137	centipede	ciempiés (escolopendra)	mille-pattes	centopéia	insect	1974	CENTIPEDE	2ge
138	cheek	mejilla	joue	bochecha	body part	1730	CHEEK	2ge
139	chest	pecho	poitrine	peito	body part	1592	CHEST	2ge
140	chew hard obj, gnaw on obj, as a bone	mascar, roer	ronger	roer, mastigar	verb.act		???	ge
141	chew sth soft, chew to a mash, as manioc in making manioc beer	masticar	mâcher	mastigar, mascar	verb.act		???	ge
142	chief (leader)	jefe (cacique, apu)	chef	chefe	kinship	301	CHIEFTAIN	4ge
#<<<								ge
143	child	niño	enfant	criança	kinship	2099	CHILD	2ge
143	child	niño	enfant	criança	kinship	1304	CHILD (YOUNG HUMAN)	2ge
143	child	niño	enfant	criança	kinship	1801	CHILD (DESCENDANT)	2ge
#>>>								ge
144	chin	mentón, barbilla	menton	queixo	body part	1510	CHIN	2ge
145	cicada	cigarra, chicharra	cigale	cigarra	insect	2353	CICADA	2ge
146	clear land	rozar	dégager la terre	roçar, lavrar, arar	verb.act		???	ge
#<<<								ge
147	close (VT)	cerrar	fermer	fechar, trancar	verb.act	1942	NEAR	4ge
147	close (VT)	cerrar	fermer	fechar, trancar	verb.act	1267	NARROW	4ge
147	close (VT)	cerrar	fermer	fechar, trancar	verb.act	1046	SHUT	4ge
147	close (VT)	cerrar	fermer	fechar, trancar	verb.act	2063	CLOSE (EYES)	4ge
#>>>								ge
148	cloth	tela, corte de tela	tissu	tela, pano, tecido	material culture	1616	CLOTH	2ge
149	cloud	nube	nuage	nuvem	terrain	1489	CLOUD	2ge
150	coati	coati (achuni)	coati	coati	animal	2389	COATI (COATIMUNDI)	2ge
151	cockroach	cucaracha	cafard, blatte	barata	insect	1575	COCKROACH	2ge
152	coconut, coconut-like palm sp.	coco, chambira huayo	cocotier	coco, coqueiro	plant.edible	970	COCONUT	4ge
#<<<								ge
153	cold	frío	froid	frio	other	1287	COLD	2ge
153	cold	frío	froid	frio	other	2483	COLD (OF WEATHER)	2ge
#>>>								ge
154	cold snap Sp “friaje”	friaje	vague de froid	friagem	other		???	ge
155	collared peccary, Tayassu tajacu	sajino, Pecari tajacu	pécari à collier	catetos, Caititu	animal	435	COLLARED PECCARY	4ge
156	comb hair (V)	peinarse	peigner	pentear-se	verb.act		???	ge
157	come	venir	venir	vir	verb.act	1446	COME	2ge
158	converse	conversar	parler, discuter, converser	conversar	verb.act		???	ge
159	cook by boiling, cause sth to boil	cocinar (hervir)	faire bouiller	ferver, cozer	verb.act	792	BOIL (OF LIQUID)	4ge
160	cook sth by roasting	cocinar (asar)	rôtir, faire rôtir	assar	verb.act		???	ge
161	cook sth in leaves	cocinar, asar en patarashca		cozinhar em folhas	verb.act		???	ge
#<<<								ge
162	cook, general (VT)	cocinar, cocer	faire cuire, cuisiner	cozinhar, preparar	verb.act	1100	COOK (SOMETHING)	4ge
162	cook, general (VT)	cocinar, cocer	faire cuire, cuisiner	cozinhar, preparar	verb.act	2315	COOK (PERSON)	4ge
#>>>								ge
163	copula verb	ser	être	estar, ser	verb.stat		???	ge
#<<<								ge
164	copulate, have sex with	copular, tener relaciones sexuales, aparear	copuler	copular, ter relações sexuais	verb.act	1785	HAVE SEX	4ge
164	copulate, have sex with	copular, tener relaciones sexuales, aparear	copuler	copular, ter relações sexuais	verb.act	549	COPULATE	4ge
#>>>								ge
#<<<								ge
165	corn	maiz	maïs	milho	plant.edible	506	MAIZE	2ge
165	corn	maiz	maïs	milho	plant.edible	605	GRAIN	2ge
#>>>								ge
166	cotton	algodón	coton	algodão	material culture	1850	COTTON	2ge
167	cough	toser	tousser	tossir	verb.act	879	COUGH	2ge
#<<<								ge
168	count, measure	contar, medir	compter, calculer	contar, medir	verb.act	1420	COUNT	4ge
168	count, measure	contar, medir	compter, calculer	contar, medir	verb.act	1506	MEASURE	4ge
168	count, measure	contar, medir	compter, calculer	contar, medir	verb.act	1356	NUMBER	4ge
#>>>								ge
169	cover (a hole)	cubrir (tapar)	couvrir	cobrir	verb.act	761	COVER	4ge
170	cover (with horizontal surface)	cubrir	couvrir	cobrir	verb.act	761	COVER	4ge
171	cover (with sth 3D), put on hat	cubrir	se couvrir	cobrir-se	verb.act	761	COVER	4ge
172	crab	cangrejo	crabe	caranguejo	animal.sea	2348	CRAB	2ge
173	crawl/walk on all fours	gatear	ramper	engatinhar	verb.act	96	CRAWL	4ge
174	cricket	grillo	grillon	grilo	insect	2354	CRICKET	2ge
175	crock, vase, ceramic vessel w/ narrow neck	tinaja	cruche	pote	material culture		???	ge
176	cross river	cruzar el rio	traverser la rivière	cruzar/atravessar o rio	verb.act	1742	TRAVERSE	2ge
#<<<								ge
177	crush (VT)	aplastar	écraser	esmagar, amassar	verb.act	1033	GRIND	4ge
177	crush (VT)	aplastar	écraser	esmagar, amassar	verb.act	1520	CRUSH	4ge
#>>>								ge
178	cry	llorar	pleurer	chorar	verb.act	1839	CRY	2ge
179	cry of animals	cry de animales	crier	gritar	verb.act		???	ge
180	currasow	paujil, Cracinae	hocco à pierre	mutum	bird		???	ge
#<<<								ge
181	cut (general)	cortar	couper	cortar	verb.act	1432	CUT	4ge
181	cut (general)	cortar	couper	cortar	verb.act	2156	CUT (WITH KNIFE)	4ge
181	cut (general)	cortar	couper	cortar	verb.act	2155	CUT (WITH SCISSORS)	4ge
#>>>								ge
#<<<								ge
182	cut, amputate	cortar, amputar	couper, amputer	cortar, amputar	verb.act	1432	CUT	4ge
182	cut, amputate	cortar, amputar	couper, amputer	cortar, amputar	verb.act	2156	CUT (WITH KNIFE)	4ge
182	cut, amputate	cortar, amputar	couper, amputer	cortar, amputar	verb.act	2155	CUT (WITH SCISSORS)	4ge
#>>>								ge
#<<<								ge
183	cut, cut down, fell tree (trans)	cortar (tumbar, derrumbar, rebanar,)	couper, abattre	cortar, abater, derrubar	verb.act	1432	CUT	4ge
183	cut, cut down, fell tree (trans)	cortar (tumbar, derrumbar, rebanar,)	couper, abattre	cortar, abater, derrubar	verb.act	2156	CUT (WITH KNIFE)	4ge
183	cut, cut down, fell tree (trans)	cortar (tumbar, derrumbar, rebanar,)	couper, abattre	cortar, abater, derrubar	verb.act	2155	CUT (WITH SCISSORS)	4ge
183	cut, cut down, fell tree (trans)	cortar (tumbar, derrumbar, rebanar,)	couper, abattre	cortar, abater, derrubar	verb.act	355	CUT DOWN	4ge
#>>>								ge
#<<<								ge
184	cut, divide carcass into parts	cortar, pedacear	couper, diviser en parties	cortar	verb.act	1432	CUT	4ge
184	cut, divide carcass into parts	cortar, pedacear	couper, diviser en parties	cortar	verb.act	2156	CUT (WITH KNIFE)	4ge
184	cut, divide carcass into parts	cortar, pedacear	couper, diviser en parties	cortar	verb.act	2155	CUT (WITH SCISSORS)	4ge
#>>>								ge
#<<<								ge
185	cut, make cuts on the surface of obj	retalear, cortar	couper	cortar	verb.act	1432	CUT	4ge
185	cut, make cuts on the surface of obj	retalear, cortar	couper	cortar	verb.act	2156	CUT (WITH KNIFE)	4ge
185	cut, make cuts on the surface of obj	retalear, cortar	couper	cortar	verb.act	2155	CUT (WITH SCISSORS)	4ge
#>>>								ge
#<<<								ge
186	cut, of hard object, into many pieces of similar size	cortar, partir, trozar	couper morceaux	cortar, partir	verb.act	1432	CUT	4ge
186	cut, of hard object, into many pieces of similar size	cortar, partir, trozar	couper morceaux	cortar, partir	verb.act	2156	CUT (WITH KNIFE)	4ge
186	cut, of hard object, into many pieces of similar size	cortar, partir, trozar	couper morceaux	cortar, partir	verb.act	2155	CUT (WITH SCISSORS)	4ge
#>>>								ge
187	dance	bailar	danse	dançar	verb	1879	DANCE	2ge
188	datura hallucinogen	toé	datura	estramônio	plant.medicinal		???	ge
189	daughter	hija	fille	filha	kinship	1357	DAUGHTER	2ge
190	daughter-in-law	nuera	belle-fille	nora	kinship	1057	DAUGHTER-IN-LAW	2ge
191	dawn (VI), see the dawn	amanecer	commencer à faire jour	amanhecer	temporal adv	729	DAWN	4ge
#<<<								ge
192	day	dia	jour	dia	other	1225	DAY (NOT NIGHT)	2ge
192	day	dia	jour	dia	other	1260	DAY (24 HOURS)	2ge
#>>>								ge
#<<<								ge
193	deceive	engañar	tromper	enganar	verb.act	601	LIE (MISLEAD)	4ge
193	deceive	engañar	tromper	enganar	verb.act	1902	BETRAY	4ge
#>>>								ge
194	deep	hondo	profond	profundo, fundo	verb.stat	1593	DEEP	2ge
195	deer	venado	cerf	veado	animal	1936	DEER	2ge
196	defecate	defecar	déféquer	defecar	verb.act	676	SHIT (DEFECATE)	2ge
197	demon/evil spirit	espiritu malo, demonio	diable	demônio, espírito mau	other	1973	DEMON	4ge
198	die	morir	mourir	morrer, falecer	verb.stat	1494	DIE	2ge
199	dig	cavar	creuser la terre	cavar	verb.act	1418	DIG	2ge
200	dirty	sucio	saleté	sujo	verb.stat	1230	DIRTY	2ge
201	disappear	desaparecer	disparaître	desaparecer	verb.stat	485	DISAPPEAR	2ge
202	discard	botar	jeter	jogar	verb.act		???	ge
203	do	hacer	faire	fazer	verb.act	813	DO	2ge
204	dog	perro	chien	cachorro	animal	2009	DOG	2ge
205	dolphin	bufeo, delfín	dauphin	golfinho	fish	1479	DOLPHIN	4ge
206	domesticated animal, pet	animal domesticado, mascota	animal domestique, animale familier	animal de estimação, mascote	animal		???	ge
207	door	puerta	porte	porta	material culture	1567	DOOR	2ge
208	downriver	río abajo	en aval	rio abaixo	terrain		???	ge
209	drink	beber, tomar	boire	beber, tomar	verb.act	1401	DRINK	2ge
#<<<								ge
210	drip (VI)	gotear	goutter, ruisseler	gotejar, pingar	verb.int	2253	DRIP (EMIT LIQUID)	4ge
210	drip (VI)	gotear	goutter, ruisseler	gotejar, pingar	verb.int	808	DRIP (FALL IN GLOBULES)	4ge
#>>>								ge
211	drop	dejar caer	laisser tomber, faire tomber	deixar cair	verb	750	DROP	2ge
#<<<								ge
212	dry (VI)	secarse	sécher	secar-se, secar (vi)	verb.stat	1398	DRY	4ge
212	dry (VI)	secarse	sécher	secar-se, secar (vi)	verb.stat	1786	DRY UP	4ge
#>>>								ge
#<<<								ge
213	dry (VT)	secar	secher	secar	verb.act	1398	DRY	4ge
213	dry (VT)	secar	secher	secar	verb.act	1786	DRY UP	4ge
#>>>								ge
#<<<								ge
214	dull	embotado, sin filo	emoussé		verb.stat	379	BLUNT	2ge
214	dull	embotado, sin filo	emoussé		verb.stat	1518	STUPID	2ge
#>>>								ge
#<<<								ge
215	dust, fine dirt	polvo	poussière	pó, poeira	other	646	ASH	4ge
215	dust, fine dirt	polvo	poussière	pó, poeira	other	2	DUST	4ge
#>>>								ge
216	ear	oreja	oreille	orelha	body part	1247	EAR	2ge
#<<<								ge
217	earth, dirt, mud	tierra	sol, terre, boue	terra, solo, chão	terrain	1228	EARTH (SOIL)	4ge
217	earth, dirt, mud	tierra	sol, terre, boue	terra, solo, chão	terrain	212	FIELD	4ge
217	earth, dirt, mud	tierra	sol, terre, boue	terra, solo, chão	terrain	640	MUD	4ge
217	earth, dirt, mud	tierra	sol, terre, boue	terra, solo, chão	terrain	2159	GROUND	4ge
217	earth, dirt, mud	tierra	sol, terre, boue	terra, solo, chão	terrain	626	LAND	4ge
217	earth, dirt, mud	tierra	sol, terre, boue	terra, solo, chão	terrain	25	DIRT	4ge
217	earth, dirt, mud	tierra	sol, terre, boue	terra, solo, chão	terrain	2158	EARTH (WET SUBSTANCE)	4ge
#>>>								ge
#<<<								ge
218	earth, extension of land	tierra	terrain	terreno	terrain	1228	EARTH (SOIL)	4ge
218	earth, extension of land	tierra	terrain	terreno	terrain	212	FIELD	4ge
218	earth, extension of land	tierra	terrain	terreno	terrain	2159	GROUND	4ge
218	earth, extension of land	tierra	terrain	terreno	terrain	626	LAND	4ge
218	earth, extension of land	tierra	terrain	terreno	terrain	2158	EARTH (WET SUBSTANCE)	4ge
#>>>								ge
219	eat	comer	manger	comer	verb.act	1336	EAT	2ge
#<<<								ge
220	egg (animal)	huevo (animal)	œuf (animal)	ovo	other	744	EGG	4ge
220	egg (animal)	huevo (animal)	œuf (animal)	ovo	other	714	SEED	4ge
#>>>								ge
#<<<								ge
221	egg (chicken)	huevo (gallina)	œuf (poule)	ovo	other	744	EGG	4ge
221	egg (chicken)	huevo (gallina)	œuf (poule)	ovo	other	714	SEED	4ge
#>>>								ge
222	elbow	codo	coude	cotovelo	body part	981	ELBOW	2ge
223	embrace, hug	abrazar	embrasser	abraçar	verb.act	928	EMBRACE	4ge
224	emit noise, sound	sonar	faire du bruit, bruire	soar	verb.act	1811	SOUND OR NOISE	4ge
225	enemy	enemigo	ennemi	inimigo	other	1358	ENEMY	2ge
226	enter	entrar	entrer	entrar	verb.act	749	ENTER	2ge
227	existential verb	haber	avoir, être	ter, haver, existir	verb.stat		???	ge
228	exit	salir	sortir	partir, sair	verb.act		???	ge
#<<<								ge
229	expand, open, e.g of a flower or canoe, VI	reventar, abrirse	s'ouvre, s'épanouir	rebentar, abrir-se	verb.int	1156	OPEN	4ge
229	expand, open, e.g of a flower or canoe, VI	reventar, abrirse	s'ouvre, s'épanouir	rebentar, abrir-se	verb.int	1970	CANOE	4ge
229	expand, open, e.g of a flower or canoe, VI	reventar, abrirse	s'ouvre, s'épanouir	rebentar, abrir-se	verb.int	2189	DUGOUT	4ge
#>>>								ge
230	eye	ojo	œil	olho	body part	1248	EYE	2ge
231	face	cara	visage, figure	face, cara	body part	1560	FACE	2ge
232	fall	caer	tomber	cair	verb.int	1280	FALL	2ge
233	fan	abanico	ventilateur	abano	material culture	1971	FAN (OBJECT)	2ge
234	far	lejos	loin	longe, distante	other	1406	FAR	2ge
235	farine	harina	farine	farinha	other		???	ge
236	fast	rápido	vite, rapide	rápido, ligeiro, depressa	verb.stat	1631	FAST	2ge
237	fat, grease	manteca	gras	goodura	other	323	FAT (ORGANIC SUBSTANCE)	2ge
238	father	padre	père	pai	kinship	1217	FATHER	2ge
239	father	padre	père	padre (clero)	kinship	1217	FATHER	2ge
240	father-in-law	suegro	beau-père	sogro	kinship	1055	FATHER-IN-LAW	2ge
241	fear	tener miedo	avoir peur	temer	verb.stat	1419	FEAR (BE AFRAID)	2ge
242	feces	heces	matières fécales, fèces	fezes	other	675	FAECES (EXCREMENT)	2ge
243	feed, offer food (trans)	alimentar, dar de comer	nourrir, alimenter, donner à manger à quelqu'un	alimentar, apascentar	verb.act	739	FEED	4ge
244	feel hot, of person	tener calor	avoir chaud	estar com calor, estar quente	verb.stat	458	DEAF PERSON	4ge
245	ferment (VI)	fermentar	fermenter	fermentar	verb.int	967	YEAST	4ge
246	few	poco(s)	peu	pouco	other	1242	FEW	2ge
247	fight	pelear	se battre	lutar	verb.act	1423	FIGHT	2ge
248	fill.VT	llenar	remplir	encher	verb.act		???	ge
249	find object	encontrar, hallar	trouver	encontrar	verb.act		???	ge
250	find, meet person	reunir, encontrar, hallar, topar	rencontrer	encontrar-se	verb.act	719	FIND	4ge
251	finger	dedo	doigt	dedo	body part	1303	FINGER	2ge
#<<<								ge
252	fingernail/toenail/claw	uña, garra	ongle	unha, garra	body part	1436	SCRATCH	4ge
252	fingernail/toenail/claw	uña, garra	ongle	unha, garra	body part	72	CLAW	4ge
252	fingernail/toenail/claw	uña, garra	ongle	unha, garra	body part	1258	FINGERNAIL	4ge
252	fingernail/toenail/claw	uña, garra	ongle	unha, garra	body part	1896	FINGERNAIL OR TOENAIL	4ge
252	fingernail/toenail/claw	uña, garra	ongle	unha, garra	body part	2128	CLAW OR NAIL	4ge
252	fingernail/toenail/claw	uña, garra	ongle	unha, garra	body part	2662	TOENAIL	4ge
#>>>								ge
253	finish.VI	acabar/terminar	se terminer	terminar, acabar	verb.int		???	ge
254	finish.VT	acabar, terminar (completar)	finir	terminar	verb.act		???	ge
255	fins	aleta (de pescado)	nageoire (de poisson)	barbatana	body part	213	FIN	4ge
256	fire	fuego	feu	fogo	other	221	FIRE	2ge
257	firefly	luciérnaga	luciole	vaga-luma, pirilampo	insect	206	FIREFLY	2ge
258	firewood	leña	bois de chauffage	lenha	material culture	10	FIREWOOD	2ge
259	first	primero	premier	primeiro	temporal adv	728	FIRST	2ge
260	fish (N)	pez	poisson	peixe	fish	227	FISH	2ge
261	fish (with barbasco)	barbasquear, pescar con veneno	pêcher à la nivrée	envenenar com timbó	verb.act	227	FISH	4ge
262	fish (with line)	anzuelear, pescar con anzuelo, pescar con vara	pêcher à la ligne	pescar con anzuelo, pescar con vara	verb.act	227	FISH	4ge
263	fish (with net)	pescar (con red), trampear	pêcher au filet	pescar (com rede)	verb.act	227	FISH	4ge
264	fish hook	anzuelo	hameçon	anzol	material culture	1074	FISHHOOK	2ge
265	fish poison, Sp “barbasco”	barbasco	nivrée	timbó, gordolobo, verbasco	material culture	348	FISH POISON	4ge
266	fisherman	pescador	pêcheur	pescador	other	1858	FISHERMAN	2ge
267	fishing net	red de pescar, tarrafa	filet de pêche	rede de pescar, armadilha	material culture	388	FISHNET	2ge
268	fishing pole	caña de pescar	canne à pêche	vara de pescar	material culture		???	ge
269	fishing spear	arpón	harpon	arpão	material culture	841	FISHING SPEAR	4ge
270	flame (VI)	arder	flamber, s'enflammer, prendre feu	arder	verb	889	FLAME	4ge
#<<<								ge
271	flesh	carne	chair, viande	carne	other	2615	FLESH OR MEAT	2ge
271	flesh	carne	chair, viande	carne	other	2259	FLESH	2ge
#>>>								ge
272	float	flotar	flotter	boiar, flutuar	verb.stat	1574	FLOAT	2ge
273	flood (V)	inundar	inonder	inundar	verb.int	613	HIGH TIDE	4ge
274	flow, of river, of water from source	correr	couler, s'écouler, se ruisseler	escorrer, fluir	verb.int	2003	FLOW	4ge
275	flower	flor	fleur	flor	other	239	FLOWER	2ge
276	flute	flauta	flûte	flauta	material culture	777	FLUTE	2ge
#<<<								ge
277	fly	volar	voler	voar	verb.act	1441	FLY (MOVE THROUGH AIR)	2ge
277	fly	volar	voler	voar	verb.act	1504	FLY (INSECT)	2ge
#>>>								ge
278	follow person, follow group	seguir, atrasar	suivre	seguir	verb.act		???	ge
279	food	comida	nourriture	comida	other	256	FOOD	2ge
280	foot	pie	pied	pé	body part	1301	FOOT	2ge
281	for no good reason	por gusto	pour le plaisir	por vontade, por prazer	other		???	ge
282	forehead	frente	front	testa	bady part	123	FOREHEAD	2ge
283	forest	bosque	forêt	floresta	terrain	420	FOREST	2ge
284	friend, companion	amigo, compañero, paisano	ami, copain, camarade	amigo	other	1325	FRIEND	2ge
#<<<								ge
285	frog, toad	rana, sapo	grenouille	sapo	animal	503	FROG	4ge
285	frog, toad	rana, sapo	grenouille	sapo	animal	894	TOAD	4ge
#>>>								ge
286	fruit	fruta	fruit	fruta	plant.edible	1507	FRUIT	2ge
287	fruit sp, Sp “caimo”	caimo, caimito		Caimito, abio, abio-do-pará, aguaí	plant.edible		???	ge
#<<<								ge
288	fry (VT)	freír	frire	fritar	verb.act	2146	ROAST OR FRY	4ge
288	fry (VT)	freír	frire	fritar	verb.act	991	FRY	4ge
#>>>								ge
289	garbage	basura	ordures, poubelle	lixo	other	909	GARBAGE	2ge
290	garden	chacra	jardin	horta, jardim	terrain	586	GARDEN	2ge
291	gather (many people, VI)	reunir	reunir	reunir	verb.int	7	GATHER	4ge
292	gather, collect (VT)	cosechar, juntar	recolter, ramasser	juntar	verb.act	7	GATHER	4ge
293	genipa, plant sp.	huito, jaɡua	genipa	jenipapo	plant		???	ge
#<<<								ge
294	germinate, sprout, of plant or feathers	brotar, crecer	pousser	brotar, crescer	verb.int	1201	FEATHER	4ge
294	germinate, sprout, of plant or feathers	brotar, crecer	pousser	brotar, crescer	verb.int	1172	SHOOT	4ge
294	germinate, sprout, of plant or feathers	brotar, crecer	pousser	brotar, crescer	verb.int	2381	FEATHER OR FUR OR HAIR	4ge
294	germinate, sprout, of plant or feathers	brotar, crecer	pousser	brotar, crescer	verb.int	2076	SPROUT (VERB)	4ge
#>>>								ge
295	get fat	engordar	grossir	engordar	verb.int		???	ge
296	get married	casarse	se marier	casar-se	verb.act		???	ge
297	giant armadillo	carachupa mama	tatou géant	tatu gigante	animal		???	ge
298	gills	agalla	branchie	guelras	body part	1916	GILL	4ge
#<<<								ge
299	girl, female child	chica, niña (muchacha)	fille	menina, garota, mocinha	other	1646	GIRL	4ge
299	girl, female child	chica, niña (muchacha)	fille	menina, garota, mocinha	other	2105	FEMALE PERSON	4ge
299	girl, female child	chica, niña (muchacha)	fille	menina, garota, mocinha	other	2392	DAUGHTER OR GIRL	4ge
#>>>								ge
300	give	dar	donner	dar	verb.act	1447	GIVE	2ge
301	give birth to (trans)	dar a luz a (parir)	accoucher	dar à luz	verb.act		???	ge
302	go	ir	aller	ir	verb.act	695	GO	2ge
#<<<								ge
303	go down, vertical	bajar (descender)	descendre	baixar, descer	verb.act	2014	GO DOWN (DESCEND)	4ge
303	go down, vertical	bajar (descender)	descendre	baixar, descer	verb.act	2375	VERTICAL	4ge
#>>>								ge
304	go downriver	bajar (ir aguas abajo)	aller en aval	ir rio abaixo	verb.act		???	ge
#<<<								ge
305	go up, vertical	subir	monter	subir	verb.act	705	GO UP (ASCEND)	4ge
305	go up, vertical	subir	monter	subir	verb.act	2375	VERTICAL	4ge
#>>>								ge
306	go upriver	surcar (ir aguas arriba)	aller en amont	ir na contracorrente/sembem o rio	verb.act		???	ge
307	god	dios	dieu	deus	other	1944	GOD	2ge
308	godfather	padrino	parrain	padrinho	kinship		???	ge
309	godmother	madrina	marrain	madrinha	kinship		???	ge
310	gold	oro	or	ouro	other	1369	GOLD	2ge
311	good	bueno	bon	bom	other	1035	GOOD	2ge
312	gourd vessel Sp “pate”	pate	calebasse	cabaço, abóbora	other		???	ge
313	grab, close the hand around sth, telic and punctual	agarrar, arrancar	saisir, empoigner	agarrar, arrancar	verb.act		???	ge
#<<<								ge
314	grab, get, make motion to take sth	agarrar, alcanzar	aller chercher, atrapper	agarrar, alcançar	verb.act	694	GET	4ge
314	grab, get, make motion to take sth	agarrar, alcanzar	aller chercher, atrapper	agarrar, alcançar	verb.act	371	PICK UP	4ge
#>>>								ge
315	grandchild	nieto, nieta	petit-enfant	neto, neta	kinship	1617	GRANDCHILD	2ge
316	granddaughter	nieta	petite-fille	neta	kinship	1619	GRANDDAUGHTER	2ge
317	grandfather	abuelo	grand-père	avô	kinship	1383	GRANDFATHER	2ge
318	grandmother	abuela	grand-mère	avó	kinship	1496	GRANDMOTHER	2ge
319	grandson	nieto	petit-garçon	neto	kinship	1618	GRANDSON	2ge
320	grass	hierba	herbe	grama	plant	606	GRASS	2ge
321	grasshopper	saltamontes	sauterelle	gafanhoto	insect	607	GRASSHOPPER	2ge
322	green	verde	vert	verde	verb.stat	1425	GREEN	2ge
323	grill, barbeque	parilla, barbacoa	gril	grelha, churrasco	material culture	1962	ROAST (SOMETHING)	4ge
324	grind	moler	broyer	moer, triturar	verb.trans	1033	GRIND	2ge
#<<<								ge
325	grow, of plant, NOT germinate, VI	crecer	pousser	crescer	verb.int	479	GROW	4ge
325	grow, of plant, NOT germinate, VI	crecer	pousser	crescer	verb.int	1486	PLANT (SOMETHING)	4ge
325	grow, of plant, NOT germinate, VI	crecer	pousser	crescer	verb.int	552	GROW UP	4ge
#>>>								ge
326	grub, lives in palm wood	suri	larve, ver	larva	insect		???	ge
327	guava	guayaba	goyave	goiaba	other		???	ge
#<<<								ge
328	gut (animal)	destripar	étriper	estripar	body part	1334	GUTS	4ge
328	gut (animal)	destripar	étriper	estripar	body part	1991	INTESTINES	4ge
#>>>								ge
#<<<								ge
329	hair	pelo, cabello	cheveu(x)	cabelo, pelo	body part	1040	HAIR	2ge
329	hair	pelo, cabello	cheveu(x)	cabelo, pelo	body part	2648	HAIR (HEAD)	2ge
#>>>								ge
330	hammock	hamaca	hamac	rede	material culture	2019	HAMMOCK	2ge
331	hand	mano	main	mão	body part	1277	HAND	2ge
332	hang up (VT, punctual)	colgar	pendre, suspendre, accrocher, étendre	pendurar	verb.act	357	HANG UP	4ge
333	hard	duro	dur	duro	verb.stat	1884	HARD	2ge
334	have a fever	tener fiebre	avoire la fièvre	ter febre	verb.stat		???	ge
335	have diarrhea	tener diarrea	être diarrhéique	ter diarréia	verb.stat		???	ge
336	have in kinship relation	tener (pariente)	être parent	estar aparentado	verb.stat		???	ge
337	have object	tener	tenir, avoir	ter	verb.stat		???	ge
338	he	él	il	ele	pro	1211	HE	2ge
339	head	cabeza	tête	cabeça	body part	1256	HEAD	2ge
340	headwater	cabeceras	source	nascente	terrain		???	ge
341	heal (VT) with medicine	tratar con medicina	traiter, soigner	tratar	verb.act		???	ge
342	heal (VT) with tobacco smoke, etc.	curar	guerir	sarar, curar	verb.act		???	ge
343	hear	escuchar	entendre	escutar, ouvir	verb.stat	1408	HEAR	2ge
#<<<								ge
344	heart (internal organ)	corazón	cœur	coração	body part	1223	HEART	4ge
344	heart (internal organ)	corazón	cœur	coração	body part	2436	GUTS OR HEART	4ge
#>>>								ge
345	heat	calor	chaleur	calor	other	612	HEAT	2ge
346	heavy	pesado	lourde	pesado	verb.stat	1210	HEAVY	2ge
347	heel	talón	talon	calcanhar	body part	980	HEEL	2ge
348	helicona	platanillo, ave del paraíso, pinza de langosta	heliconia	heliconia	plant		???	ge
349	help (V)	ayudar	aider	ajudar	verb.act	1897	HELP	2ge
350	here	acá	ici, là	aqui	other	136	HERE	2ge
#<<<								ge
351	hide (VI)	esconderse	se cacher	esconder-se	verb.int	763	SKIN	4ge
351	hide (VI)	esconderse	se cacher	esconder-se	verb.int	602	HIDE (CONCEAL)	4ge
351	hide (VI)	esconderse	se cacher	esconder-se	verb.int	2486	HIDE	4ge
351	hide (VI)	esconderse	se cacher	esconder-se	verb.int	2485	HIDE (ONESELF)	4ge
#>>>								ge
#<<<								ge
352	hide (VT)	esconder	cacher	esconder	verb.act	763	SKIN	4ge
352	hide (VT)	esconder	cacher	esconder	verb.act	602	HIDE (CONCEAL)	4ge
352	hide (VT)	esconder	cacher	esconder	verb.act	2486	HIDE	4ge
352	hide (VT)	esconder	cacher	esconder	verb.act	2485	HIDE (ONESELF)	4ge
#>>>								ge
#<<<								ge
353	high, tall	alto	haut, grand	alto	other	711	TALL	4ge
353	high, tall	alto	haut, grand	alto	other	1265	HIGH	4ge
353	high, tall	alto	haut, grand	alto	other	2143	LONG OR TALL	4ge
#>>>								ge
#<<<								ge
354	hill, mountain, upland forest	loma, altura	colline, montaigne, en hauteur	colina	terrain	639	MOUNTAIN	4ge
354	hill, mountain, upland forest	loma, altura	colline, montaigne, en hauteur	colina	terrain	2118	MOUNTAIN OR HILL	4ge
354	hill, mountain, upland forest	loma, altura	colline, montaigne, en hauteur	colina	terrain	614	HILL	4ge
354	hill, mountain, upland forest	loma, altura	colline, montaigne, en hauteur	colina	terrain	429	SWIDDEN FIELD	4ge
#>>>								ge
355	hit	golpear	frapper, porter un coup	bater	verb.trans	1433	HIT	2ge
356	hold sth in the hands	agarrar, tener en la mano	tenir, empoigner, saisir	agarrar	verb.trans		???	ge
357	hole	hueco	trou	buraco, furo	terrain	1667	HOLE	2ge
358	honey	miel	miel	mel	other	942	HONEY	2ge
#<<<								ge
359	horn	cuerno (cacho)	corne	chifre, corno	other	1393	HORN (ANATOMY)	2ge
359	horn	cuerno (cacho)	corne	chifre, corno	other	939	HORN (INSTRUMENT)	2ge
#>>>								ge
360	horsefly	tábano	taon	mutuca	insect		???	ge
361	hot pepper	ají	piment	pimenta	plant.edible		???	ge
362	house	casa	maison	casa	other	1252	HOUSE	2ge
363	how?	cómo?	comment?	Como?	other	1239	HOW	2ge
364	howler monkey	mono aullador, mono coto	singe hurleur, alouate	bugio, bugio vermelho, guariba, Alouata	animal	433	HOWLER MONKEY	2ge
365	humminɡbird (general)	picaflor, colibrí	colibri	beija-flor, colibri	bird		???	ge
366	hunting basket Sp. “capillejo”	capillejo	sac de chasseur en bandoulière	cesta caça	material culture		???	ge
367	hurt oneself, injure oneself, VI, punctual	herir(se), lastimar(se)	se blesser	machucar-se	verb.int		???	ge
#<<<								ge
368	hurt, be painful, VI, durative	doler	avoir mal à	machucar	verb.stat	1783	PAIN	4ge
368	hurt, be painful, VI, durative	doler	avoir mal à	machucar	verb.stat	2103	PAINFUL OR SICK	4ge
368	hurt, be painful, VI, durative	doler	avoir mal à	machucar	verb.stat	2411	HURT (SOMEBODY)	4ge
368	hurt, be painful, VI, durative	doler	avoir mal à	machucar	verb.stat	1129	PAINFUL	4ge
368	hurt, be painful, VI, durative	doler	avoir mal à	machucar	verb.stat	2561	HURT (SENSE PAIN)	4ge
#>>>								ge
#<<<								ge
369	hurt, injure, VT	herir, lastimar	blesser	ferir, machucar	verb.act	1783	PAIN	4ge
369	hurt, injure, VT	herir, lastimar	blesser	ferir, machucar	verb.act	44	INJURE	4ge
369	hurt, injure, VT	herir, lastimar	blesser	ferir, machucar	verb.act	2411	HURT (SOMEBODY)	4ge
369	hurt, injure, VT	herir, lastimar	blesser	ferir, machucar	verb.act	1129	PAINFUL	4ge
369	hurt, injure, VT	herir, lastimar	blesser	ferir, machucar	verb.act	2561	HURT (SENSE PAIN)	4ge
#>>>								ge
370	husband	marido, esposo	mari	marido	kinship	1200	HUSBAND	2ge
371	I	yo	je	eu	pro	1209	I	2ge
372	if	si	si	se	other	1459	IF	2ge
373	illuminate, shine light on	iluminar	éclairer	iluminar	verb.act		???	ge
#<<<								ge
374	imitate (animal cry, person)	remedar	imiter	remedar, arremedar, imitar	verb.act	683	PERSON	4ge
374	imitate (animal cry, person)	remedar	imiter	remedar, arremedar, imitar	verb.act	117	IMITATE	4ge
374	imitate (animal cry, person)	remedar	imiter	remedar, arremedar, imitar	verb.act	516	PERSON (CLASSIFIER)	4ge
374	imitate (animal cry, person)	remedar	imiter	remedar, arremedar, imitar	verb.act	2645	MAN OR PERSON	4ge
374	imitate (animal cry, person)	remedar	imiter	remedar, arremedar, imitar	verb.act	2661	PEOPLE OR PERSON	4ge
#>>>								ge
375	in	en	dans, en	em	ad.in	1460	IN	2ge
376	infant	bebé, infante	bébé	bebê, criança	other	1289	BABY	2ge
377	Inga sp., general	guaba	pis doux	ingá	plant.edible		???	ge
378	intestines, guts	intestino (entrañas)	intestins	intestino	body part	1991	INTESTINES	2ge
379	island	isla	isle	ilha	terrain	622	ISLAND	2ge
380	issue light, shine light (VI)	alumbrar	eclairer	iluminar, brilhar	verb.int		???	ge
381	itch	dar comezon	démanger, gratter	coceira	verb.stat	148	ITCH	2ge
382	jaguar	tigre, jaguar	jaguar	onça	animal	1250	JAGUAR	2ge
383	jaw	mandíbula	mâchoire	mandíbula	body part	798	JAW	2ge
384	jump	saltar (brincar)	sauter	saltar	verb.act	1829	JUMP	2ge
385	kick	patear/dar patadas	frapper avec le pied	chutar	verb.act	1135	KICK	2ge
386	kidney	riñon	rein	rim	body part	489	KIDNEY	2ge
387	kill	matar	tuer	matar	verb.act	1417	KILL	2ge
388	kinɡfisher	martin pescador	martin-pêcheur	martim-pescador	bird		???	ge
389	knee	rodilla	genou	joelho	body part	1371	KNEE	2ge
390	knife	cuchillo	couteau	faca	material culture	1352	KNIFE	2ge
391	know	saber	savoir	saber	verb.stat	1410	KNOW (SOMETHING)	2ge
392	lake	lago, cocha	lac	lago, Cocha	terrain	624	LAKE	2ge
393	land snail (edible)	caracol	escargot	caracol	mollusk		???	ge
394	later	más tarde	plus tard	mais tarde	temporal adv		???	ge
395	laugh	reír	rire	riso	verb.act	1355	LAUGH	2ge
396	lay down (tr.)	poner/colocar	mettre	colocar	verb.act		???	ge
397	lazy	perezoso, flojo	paresseux	preguiçoso	verb.stat	1564	LAZY	2ge
#<<<								ge
398	leaf	hoja	feuille	folha	plant	628	LEAF	2ge
398	leaf	hoja	feuille	folha	plant	2250	LEAF (LEAFLIKE OBJECT)	2ge
#>>>								ge
399	leafcutter ant	curhuince	fourmis coupe-feuille	formiga-cortadeira, formiga-carregadeira	insect		???	ge
#<<<								ge
400	left	izquierda	gauche	esquerda	other	244	LEFT	2ge
400	left	izquierda	gauche	esquerda	other	2182	LEFT HAND	2ge
#>>>								ge
401	leg	pierna	jambe	perna	body part	1297	LEG	2ge
402	letʼs ɡo	vamos	on y vas, allons-y	vamos, deixei?	verb.hort		???	ge
403	liana, general	bejuco, soga del monte	liane	liana, cipó	plant	2388	LIANA	4ge
404	lice-infested	sucio, piojoso	sale, pouilleux	piolhento	verb.stat		???	ge
405	lick	lamer	lécher	lamber	verb.act	319	LICK	2ge
#<<<								ge
406	lie	mentir	mentir	mentir	verb	1411	LIE (REST)	2ge
406	lie	mentir	mentir	mentir	verb	601	LIE (MISLEAD)	2ge
#>>>								ge
407	life	vida	vie	vida	other	210	LIFE	2ge
408	lift (trans)	levantar (alzar)	soulever	levantar, erguer	verb.act	501	LIFT	4ge
409	light a fire (VT)	encender	allumer un feu	acender	verb.act		???	ge
#<<<								ge
410	lightning (N)	relámpago	éclair, foudre	relâmpago	other	1654	LIGHTNING	4ge
410	lightning (N)	relámpago	éclair, foudre	relâmpago	other	2377	FLASH (VERB)	4ge
410	lightning (N)	relámpago	éclair, foudre	relâmpago	other	2007	BOLT (OF LIGHTNING)	4ge
#>>>								ge
411	limp	cojear	boiter	mancar	verb.act	366	LIMP	2ge
412	live	vivir	vivre	viver	verb.stat	1422	BE ALIVE	2ge
413	liver	higado	foie	fígado	body part	1224	LIVER	2ge
414	lizard, generic	lagartija	lézard	lagarto	animal	632	LIZARD	4ge
415	long	largo	long	comprido, longo	other	1203	LONG	2ge
416	look for	buscar	chercher	pesquisar	verb.act	1468	LOOK FOR	2ge
417	lose object (VT)	perder	perdre	perder	verb		???	ge
#<<<								ge
418	louse	piojo	pou	piolho	insect	1392	LOUSE	2ge
418	louse	piojo	pou	piolho	insect	310	HEAD LOUSE	2ge
#>>>								ge
419	love	amar	aimer	amar	verb.stat	923	LOVE	2ge
420	lung	pulmón	poumon	pulmão	body part	688	LUNG	2ge
421	macaw	guacamayo	ara macoa	arara	bird	1630	MACAW	2ge
422	make dam	hacer presa	faire un barrage	fazer represa	verb		???	ge
423	make wet	mojar	mouiller	molhar	verb		???	ge
#<<<								ge
424	make, manufacture, prepare	hacer, confectionar	faire, fabriquer, confectionnner, préparer	fazer, construir	verb.act	734	MAKE	4ge
424	make, manufacture, prepare	hacer, confectionar	faire, fabriquer, confectionnner, préparer	fazer, construir	verb.act	2575	DO OR MAKE	4ge
#>>>								ge
425	man	hombre	homme	homem	other	1554	MAN	2ge
426	manioc beer	masato (chicha)	bière au manioc	cauim, cassiri, caxiri	other		???	ge
427	manioc bread	casabe	pain au manioc	beijú	other	407	MANIOC BREAD	4ge
428	manioc juice	jugo de mandioca	jus de manioc	água da mandioca	other		???	ge
429	manioc press	matafrio, sebucan, tipiti	presse à manioc	tipiti	material culture		???	ge
#<<<								ge
430	manioc, bitter	yuca brava	manioc amer	mandioca	plant.edible	887	BITTER	4ge
430	manioc, bitter	yuca brava	manioc amer	mandioca	plant.edible	925	CASSAVA	4ge
#>>>								ge
#<<<								ge
431	manioc, sweet	yuca dulce	manioc doux	mandioca doce?, macaxeira	plant.edible	717	SWEET	4ge
431	manioc, sweet	yuca dulce	manioc doux	mandioca doce?, macaxeira	plant.edible	925	CASSAVA	4ge
#>>>								ge
#<<<								ge
432	many, ANIM	mucho	beaucoup de, plusieurs	muito	other	1198	MANY	4ge
432	many, ANIM	mucho	beaucoup de, plusieurs	muito	other	428	BE MANY	4ge
432	many, ANIM	mucho	beaucoup de, plusieurs	muito	other	2650	ALL OR MANY	4ge
#>>>								ge
#<<<								ge
433	many, INAM	mucho	beaucoup de, plusieurs	muito	other	1198	MANY	4ge
433	many, INAM	mucho	beaucoup de, plusieurs	muito	other	428	BE MANY	4ge
433	many, INAM	mucho	beaucoup de, plusieurs	muito	other	2650	ALL OR MANY	4ge
#>>>								ge
434	maternal uncle	tio, hermano de madre	oncle, frère de la mère	tio, irmão do mãe	kinship		???	ge
#<<<								ge
435	meat	carne	viande	carne	other	634	MEAT	2ge
435	meat	carne	viande	carne	other	2615	FLESH OR MEAT	2ge
#>>>								ge
436	medicine	remedio	médecin	remédio	other	1372	MEDICINE	2ge
437	menstruate	menstruar	avoir ses règles	menstruar	verb		???	ge
438	millipede	ciempiés, milpiés	mille-pattes	centopéias, milípedes	animal		???	ge
439	mix, mix sth with sth else, NOT stir	mezclar	mélanger, remuer	misturar	verb	2017	MIX	4ge
440	mix, stir liquid, with spoon or other utensil	mezclar	mélanger	misturar	verb	2017	MIX	4ge
441	mock, make fun of, laugh at	burlar(se de)	se moquer de quelqu'un	zombar, fazer uma piada sobre, ridicularizar	verb		???	ge
442	monkey	mono	singe	macaco	animal	1350	MONKEY	2ge
443	moon	luna	lune	lua	other	1313	MOON	2ge
444	morning	mañana	matin	amanhã	temporal adv	1339	MORNING	2ge
445	mosquito	zancudo	moustique	mosquito, pernilongo	insect	1509	MOSQUITO	2ge
446	mother	madre	mère	mãe	kinship	1216	MOTHER	2ge
447	mother-in-law	suegra	belle-mère	sogra	kinship	1050	MOTHER-IN-LAW	2ge
448	mouth	boca	bouche	boca	body part	674	MOUTH	2ge
449	much	mucho	beaucoup	muito	other	531	HOW MUCH	2ge
450	music	música	musique	música	other	642	MUSIC	2ge
451	naked	desnudo	dénudé, nu	nu	other	590	NAKED	2ge
452	name	nombre	nom	nome	other	1405	NAME	2ge
453	narrow	estrecho, angusto	étroit	estreito	other	1267	NARROW	2ge
454	near	cerca	près de, proche	próximo	other	1942	NEAR	2ge
455	neck	cuello	cou	pescoço	body part	1333	NECK	2ge
456	necklace/neck adornment	collar	coller	colar	material culture	1961	NECKLACE	4ge
457	negative existential	no haber	n'être pas, n'avoir pas	não haver	verb.stat		???	ge
458	nephew	sobrino	neveu	sobrinho	kinship	1063	NEPHEW	2ge
459	nettle	ortiga, ishango	ortie	urtiga	plant	33	NETTLE	2ge
460	new	nuevo	nouveau	novo	other	1231	NEW	2ge
461	niece	sobrina	nièce	sobrinha	kinship	1642	NIECE	2ge
462	night	noche	nuit	noite	temporal adv	1233	NIGHT	2ge
463	non-indigenous person, white person	persona blanca, blanco, extranjero, foráneo	personne blanche, étranger	branco, estrangeiro, pessoa estrangeira	other		???	ge
464	nose	nariz	nez	nariz	body part	1221	NOSE	2ge
465	not	no	ne/pas	não	other	1240	NOT	2ge
466	not know / I.don't.know	no saber	ne savoir pas	não saber	verb.stat		???	ge
467	nothing	nada	rien	nada	other	687	NOTHING	2ge
468	now, today	hoy, ahora	aujourd'hui, maintenant		other	2097	NOW OR TODAY	2ge
469	obtain	conseguir, obtener	obtenir	obter, conseguir	verb.act	694	GET	2ge
#<<<								ge
470	old	viejo	vieux	velho	other	1229	OLD	2ge
470	old	viejo	vieux	velho	other	2112	OLD (AGED)	2ge
470	old	viejo	vieux	velho	other	2113	OLD (USED)	2ge
#>>>								ge
471	older brother	hermano/a mayor	frère/sœur ainé(e)	irmão / irmã mais	kinship	1759	OLDER BROTHER	2ge
472	older sibling, opposite sex	hermano/a mayor	frère/sœur ainé(e)	irmão / irmã mais	kinship	405	OLDER SIBLING	4ge
473	older sister	hermana mayor	grande soeur	irmã mais velha	kinship	1758	OLDER SISTER	2ge
474	one	uno	un	um	num	1493	ONE	2ge
475	open cap, open sth perpendicular to rest of surface, VT	abrir	ouvrir	abrir	verb		???	ge
476	open door, open sth parallel to rest of surface, VT	abrir	ouvrir	abrir	verb		???	ge
477	open the mouth	abrir la boca, bostezar	ouvrir la bouche	abrir a boca, bocejar	verb		???	ge
478	open, make expand, e.g. of a canoe, VT	abrir	faire ouvrir	abrir	verb	1156	OPEN	4ge
479	opossum	zarigueya	opossum	gambá	animal	309	OPOSSUM	2ge
#<<<								ge
480	order, command	ordenar, mandar (a una persona)	commander, ordonner	mandar, comandar	verb	1128	ORDER	4ge
480	order, command	ordenar, mandar (a una persona)	commander, ordonner	mandar, comandar	verb	1998	COMMAND	4ge
#>>>								ge
481	orphan	huérfano	orphelin	órfão	kinship	1149	ORPHAN	2ge
482	other	otro	autre	outro	other	197	OTHER	2ge
483	other side of river	otro lado	autre côté de la rivière	outro lado	other		???	ge
484	outside	afuera	dehors	fora	other	762	OUTSIDE	2ge
485	paca	majás, Cuniculus	paca	paca	animal	316	PACA	2ge
486	paddle	remo	pagaie	remo	other	234	PADDLE	2ge
487	paddle (V)	bogar, remar	pagayer	remar	verb	234	PADDLE	4ge
#<<<								ge
488	paint (V)	pintar	peintre	pintar	verb	2001	PAINTING	4ge
488	paint (V)	pintar	peintre	pintar	verb	647	PAINT (PIGMENTS)	4ge
#>>>								ge
489	painted (spotted)	pintado	peint	pintado, manchado	other		???	ge
490	palm sp.	(h)ungurahui, milpesos	palmier	patauá	plant		???	ge
491	palm sp. Astrocaryum chambira	chambira	palmier astrocaryum	tucuma	plant		???	ge
492	palm sp. Mauritia flexuosa, Sp “aguaje”	aguaje, canangucha	palmier Mauritia flexuoso	buriti, miriti	plant		???	ge
493	papaya	papaya	papaye	mamão	other	2445	PAPAYA	2ge
494	parallel cousin (female)	prima	cousine	prima	kinship		???	ge
495	parallel cousin (male)	primo	cousin	primo	kinship		???	ge
496	parrot, Amazona spp., generic or particular	loro	perroquet	papagaio	bird	882	PARROT	4ge
#<<<								ge
497	pass (VI)	pasar	passer	passar	verb.intr.	402	SURPASS	4ge
497	pass (VI)	pasar	passer	passar	verb.intr.	1951	PASS	4ge
#>>>								ge
#<<<								ge
498	paternal aunt	tia, hermana del padre	tante, sœur du père	tia, irmã do pai	kinship	2171	PATERNAL AUNT (WIFE OF FATHER'S YOUNGER BROTHER)	4ge
498	paternal aunt	tia, hermana del padre	tante, sœur du père	tia, irmã do pai	kinship	2175	PATERNAL AUNT	4ge
498	paternal aunt	tia, hermana del padre	tante, sœur du père	tia, irmã do pai	kinship	2170	PATERNAL AUNT (WIFE OF FATHER'S OLDER BROTHER)	4ge
#>>>								ge
499	path	camino	chemin	trilha	terrain	2252	PATH	2ge
500	peach palm, Bactris gasipaes	pupuna, chontaduro, pijuayo	palmier Bactris gasipaes	pupunha	plant	2358	PEACH TREE	4ge
501	peck	picotear	picorer	bicar	verb		???	ge
502	peel fruit, skin animal, remove skin/peel that closely adheres to sth	pelar	peler	descascar	verb		???	ge
503	peel manioc, peel sth with easily removed skin	pelar	peler	descascar	verb		???	ge
504	penis	pene	penis	pênis	body part	1222	PENIS	2ge
505	people	gente	gens	pessoas	other	789	PEOPLE	2ge
506	pineapple	piña	ananas	abacaxi	plant.edible	2440	PINEAPPLE	2ge
507	piranha	piraña, paña, palometa	piranha	piranha	fish	317	PIRANHA	2ge
508	pitch	brea	brai	arremesso, breu, piche, betume	other	664	RESIN	4ge
509	placenta	placenta	placenta	placenta	body part		???	ge
510	plant (seed)	sembrar semilla	semer	semear, cultivar, plantar	verb	1486	PLANT (SOMETHING)	2ge
511	plantain	plátano	banane plantain	banana-da-terra, tachagem	plant.edible	399	PLANTAIN	2ge
512	play	jugar	jouer	jogar	verb	1413	PLAY	2ge
513	pleiades	pléyades	pléiades	plêiades	other		???	ge
#<<<								ge
514	point (finger)	señalar con el dedo	indiquer, montrer du doigt	apontar o dedo	verb	1662	CAPE	4ge
514	point (finger)	señalar con el dedo	indiquer, montrer du doigt	apontar o dedo	verb	372	POINTED	4ge
514	point (finger)	señalar con el dedo	indiquer, montrer du doigt	apontar o dedo	verb	2669	POINT (WITH FINGER)	4ge
#>>>								ge
515	poison, for weapons (N)	curare, veneno	poison	veneno	other	655	POISON	4ge
516	port	puerto	port	porto	other	610	PORT	4ge
517	pot	olla	pot	panela, caçarola	other	1462	POT	2ge
518	pour liquid from vessel, empty liquid	vaciar, derramar	vider	derramar	verb		???	ge
519	powder	polvo	poudre	poeira	other	1798	GUNPOWDER	4ge
520	prow	proa	proue	proa	other		???	ge
521	pull	jalar	tirer	puxar	verb	1455	PULL	2ge
522	purple	púrpura	pourpre	roxo, púrpura	other	2452	PURPLE	2ge
523	push	empujar	pousser	empurrar	verb	1452	PUSH	2ge
524	put down	poner (colocar)	placer	pôr, colocar	verb	998	PUT	2ge
525	put on garment (general)	ponerse (ropa)	mettre, s'habiller	vestir-se	verb.refl.		???	ge
526	raft	balsa	radeau	balsa, jangada	other	1664	RAFT	2ge
#<<<								ge
527	rain	llover	pleuvoir	chover	verb	658	RAIN (PRECIPITATION)	2ge
527	rain	llover	pleuvoir	chover	verb	2108	RAINING OR RAIN	2ge
527	rain	llover	pleuvoir	chover	verb	1253	RAIN (RAINING)	2ge
#>>>								ge
528	rainbow	arco iris	arc-en-ciel	arco-íris	other	1733	RAINBOW	2ge
529	raise pet/domestic animal	criar	élever	criar	verb		???	ge
#<<<								ge
530	rat, generic	ratón	rat	rato	animal	1490	RAT	4ge
530	rat, generic	ratón	rat	rato	animal	2139	MUROID (MOUSE OR RAT)	4ge
#>>>								ge
531	rattle, maraca	maraca, sonaja, sonajero	maracas	chocalho, maracá	material culture	300	RATTLE	4ge
532	raw	crudo	cru	cru, bruto	other	1959	RAW	2ge
533	reach goal (VT)	alcanzar	atteindre	alcançar	verb		???	ge
534	red	rojo	rouge	vermelho	other	156	RED	2ge
535	reply	responder	répondre	responder	verb		???	ge
#<<<								ge
536	resin, sap	resina	résine, sève	resina, seiva	other	345	SAP	4ge
536	resin, sap	resina	résine, sève	resina, seiva	other	664	RESIN	4ge
#>>>								ge
#<<<								ge
537	rest (VI)	descansar	se reposer	descansar	verb.intr.	168	REST	4ge
537	rest (VI)	descansar	se reposer	descansar	verb.intr.	2116	REST OR SLEEP	4ge
#>>>								ge
#<<<								ge
538	return, give sth back to its owner	devolver	rendre	devolver	verb	581	COME BACK	4ge
538	return, give sth back to its owner	devolver	rendre	devolver	verb	85	GIVE BACK	4ge
#>>>								ge
#<<<								ge
539	return, go back to point of origin	volver	retourner	retornar, voltar	verb	581	COME BACK	4ge
539	return, go back to point of origin	volver	retourner	retornar, voltar	verb	85	GIVE BACK	4ge
#>>>								ge
540	rib	costilla	côte	costela	body part	801	RIB	2ge
541	rich	rico	riche	rico	other	712	RICH	2ge
#<<<								ge
542	right	correcto	correct, vrai	correto	other	1019	RIGHT	2ge
542	right	correcto	correct, vrai	correto	other	1725	CORRECT (RIGHT)	2ge
542	right	correcto	correct, vrai	correto	other	2183	RIGHT HAND	2ge
#>>>								ge
543	right (side)	derecho	droite	direito	other	1019	RIGHT	2ge
544	river	río	rivière	rio	other	666	RIVER	2ge
545	river otter	nutria, lobo del rio	loutre de rivière	ratão-do-banhado, nútria, caxingui	animal		???	ge
546	roll, make obj revolve on the ground	hacer rodar, revolcar	rouler, faire rouler	rolar, jogar	verb	827	ROLL	4ge
547	root	raiz	racine	raiz	plant	670	ROOT	2ge
#<<<								ge
548	rope, string	cuerda	corde	corda	material culture	1218	ROPE	4ge
548	rope, string	cuerda	corde	corda	material culture	362	STRING	4ge
548	rope, string	cuerda	corde	corda	material culture	2388	LIANA	4ge
548	rope, string	cuerda	corde	corda	material culture	2084	ROPE (CLASSIFIER)	4ge
#>>>								ge
549	rot	pudrirse	pourrir	apodrecer	verb		???	ge
#<<<								ge
550	rub obj down with sth, smear sth across obj, as grease or paint	frotar, untar	étaler, frotter	esfregar	verb	2001	PAINTING	4ge
550	rub obj down with sth, smear sth across obj, as grease or paint	frotar, untar	étaler, frotter	esfregar	verb	647	PAINT (PIGMENTS)	4ge
#>>>								ge
551	rub obj with obj	frotar	frotter	esfregar	verb		???	ge
552	run	correr	courir	correr	verb	1519	RUN	2ge
553	salt	sal	sel	sal	other	1274	SALT	2ge
554	sand	arena	sable	areia	other	671	SAND	2ge
555	sandfly	manta blanca	phlébotome	maruim, pium	animal	95	SANDFLY	4ge
556	savannah	sabana	savane	savana	other		???	ge
557	say	decir	dire	dizer	verb	1458	SAY	2ge
558	scales	escama	écaillle	escama	body part	266	SCALE	4ge
559	scare (VT)	asustar (espantar)	faire peur, craindre	assustar-se	verb.trans.		???	ge
560	scold	regañar	gronder	ralhar	verb	299	SCOLD	4ge
561	scorpion	alacrán	scorpion	escorpião	insect	1538	SCORPION	2ge
#<<<								ge
562	scrape (sth off of obj)	raspar	gratter, érafler	raspar	verb	1436	SCRATCH	4ge
562	scrape (sth off of obj)	raspar	gratter, érafler	raspar	verb	1767	SCRAPE	4ge
#>>>								ge
563	scratch (itch)	raspar, arañar	gratter	raspar, coçar	verb	1436	SCRATCH	2ge
564	scratch ground, scrape ground, make shallow depression/hole (as chickens)	escarbar	gratter, fouiller	arranhar		1667	HOLE	4ge
565	sedge	piripiri	jonc	junça	other		???	ge
566	see	ver	voir	ver	verb	1409	SEE	2ge
567	seed	semilla	graine	semente	other	714	SEED	2ge
568	separate oneself from group (VI), become separate, of obj (VI)	separarse	se séparer	separar-se	verb.refl.		???	ge
569	separate sth from group (VT), confiscate obj (VT)	quitar	séparer	remover	verb		???	ge
570	shadow, shade	sombra	ombre, ombrage	sombra	other	1388	SHADE	4ge
571	sharpen (VT)	afilar	aiguiser, affûter	aguçar	verb	251	SHARPEN (SOMETHING)	4ge
572	shell, hard shell as of turtle	cascara	coquille	concha, capa, casca	other	598	SHELL	4ge
573	shin	canilla	tibia	canela, tíbia	body part	186	SHIN	2ge
574	shoot arrow	disparar, flechar, pucunear	tirer à l'arc	atirar, atirar flechas, pucunear	verb		???	ge
#<<<								ge
575	shore, bank	orilla (banda, margen)	rivage, rive	costa, margem (ribanceira)	other	113	SHORE	4ge
575	shore, bank	orilla (banda, margen)	rivage, rive	costa, margem (ribanceira)	other	1284	BANK	4ge
#>>>								ge
576	short	corto, bajo	court	curto, baixo	other	1645	SHORT	2ge
577	shoulder	hombro	épaule	ombro	body part	1482	SHOULDER	2ge
578	shout, yell	gritar	crier, hurler	gritar	verb	715	SHOUT	4ge
579	sibling, general	hermano/a, general	frère ou sœur	irmão / irmã, Geral	kinship	1640	SIBLING	4ge
580	side	lado	côté	lado	other	682	SIDE	2ge
581	sieve (strainer)	cernidor, colador	passoire	peneira, crivo	material culture	86	SIEVE	4ge
582	sing	cantar	chanter	cantar	verb	1261	SING	2ge
583	singe hair off of	chamuscar	roussir, cramer, brûler légèrement	chamuscar	verb		???	ge
#<<<								ge
584	sink (VI)	hundirse, sumir	couler, sombrer	afundar	verb.intr.	1088	SINK (DESCEND)	4ge
584	sink (VI)	hundirse, sumir	couler, sombrer	afundar	verb.intr.	915	SINK (BASIN)	4ge
#>>>								ge
#<<<								ge
585	sister (general)	hermana	sœur	irmã	kinship	1263	SISTER	4ge
585	sister (general)	hermana	sœur	irmã	kinship	1758	OLDER SISTER	4ge
585	sister (general)	hermana	sœur	irmã	kinship	562	SISTER (OF WOMAN)	4ge
585	sister (general)	hermana	sœur	irmã	kinship	2421	YOUNGER SISTER (OF WOMAN)	4ge
585	sister (general)	hermana	sœur	irmã	kinship	2418	OLDER SISTER (OF MAN)	4ge
585	sister (general)	hermana	sœur	irmã	kinship	2419	OLDER SISTER (OF WOMAN)	4ge
585	sister (general)	hermana	sœur	irmã	kinship	2420	YOUNGER SISTER (OF MAN)	4ge
585	sister (general)	hermana	sœur	irmã	kinship	561	SISTER (OF MAN)	4ge
#>>>								ge
586	sister of mother	tía materna	tante maternale	tia materna	kinship		???	ge
#<<<								ge
587	sister, no age spec	hermana	sœur	irmã	kinship	1263	SISTER	4ge
587	sister, no age spec	hermana	sœur	irmã	kinship	1758	OLDER SISTER	4ge
587	sister, no age spec	hermana	sœur	irmã	kinship	562	SISTER (OF WOMAN)	4ge
587	sister, no age spec	hermana	sœur	irmã	kinship	2421	YOUNGER SISTER (OF WOMAN)	4ge
587	sister, no age spec	hermana	sœur	irmã	kinship	2418	OLDER SISTER (OF MAN)	4ge
587	sister, no age spec	hermana	sœur	irmã	kinship	2419	OLDER SISTER (OF WOMAN)	4ge
587	sister, no age spec	hermana	sœur	irmã	kinship	2420	YOUNGER SISTER (OF MAN)	4ge
587	sister, no age spec	hermana	sœur	irmã	kinship	561	SISTER (OF MAN)	4ge
#>>>								ge
588	sister-in-law	cuñada	belle-sœur	cunhada	kinshio	2317	SISTER-IN-LAW	2ge
589	sit	sentar	s'asseoir	sentar-se	verb.refl.	1416	SIT	2ge
590	skin	piel	peau	pele	other	763	SKIN	2ge
591	sky	cielo	ciel	céu	other	1732	SKY	2ge
592	sleep	dormir	dormir	dormir	verb	1585	SLEEP	2ge
593	sloth, general	pelejo, perezoso	paresseux	preguiça	animal	2446	SLOTH	4ge
#<<<								ge
594	smell (VI, issue a smell)	oler, tener olor	sentir	cheirar	verb	1221	NOSE	4ge
594	smell (VI, issue a smell)	oler, tener olor	sentir	cheirar	verb	2124	SMELL	4ge
594	smell (VI, issue a smell)	oler, tener olor	sentir	cheirar	verb	1586	SMELL (PERCEIVE)	4ge
594	smell (VI, issue a smell)	oler, tener olor	sentir	cheirar	verb	1906	SOUR	4ge
594	smell (VI, issue a smell)	oler, tener olor	sentir	cheirar	verb	1587	SMELL (STINK)	4ge
594	smell (VI, issue a smell)	oler, tener olor	sentir	cheirar	verb	1568	ARRANGE	4ge
594	smell (VI, issue a smell)	oler, tener olor	sentir	cheirar	verb	510	STRONG EFFECT	4ge
594	smell (VI, issue a smell)	oler, tener olor	sentir	cheirar	verb	2201	LIGHT (SMELL OR TASTE)	4ge
#>>>								ge
#<<<								ge
595	smell (VT, perceive a smell)	oler, olfatear	sentir	farejar	verb	1221	NOSE	4ge
595	smell (VT, perceive a smell)	oler, olfatear	sentir	farejar	verb	2124	SMELL	4ge
595	smell (VT, perceive a smell)	oler, olfatear	sentir	farejar	verb	1586	SMELL (PERCEIVE)	4ge
595	smell (VT, perceive a smell)	oler, olfatear	sentir	farejar	verb	1906	SOUR	4ge
595	smell (VT, perceive a smell)	oler, olfatear	sentir	farejar	verb	1587	SMELL (STINK)	4ge
595	smell (VT, perceive a smell)	oler, olfatear	sentir	farejar	verb	1568	ARRANGE	4ge
595	smell (VT, perceive a smell)	oler, olfatear	sentir	farejar	verb	510	STRONG EFFECT	4ge
595	smell (VT, perceive a smell)	oler, olfatear	sentir	farejar	verb	2201	LIGHT (SMELL OR TASTE)	4ge
#>>>								ge
#<<<								ge
596	smoke (consume sth by smoking)	fumar (tabaco)	fumer	fumar (tabaco)	verb	778	SMOKE (EXHAUST)	4ge
596	smoke (consume sth by smoking)	fumar (tabaco)	fumer	fumar (tabaco)	verb	1689	SMOKE (INHALE)	4ge
#>>>								ge
#<<<								ge
597	smoke (N), steam, fog, mist	humo, vapor, neblina	fumée, vapeur, brouillard, brume	fumaça, vapor, névoa	other	778	SMOKE (EXHAUST)	4ge
597	smoke (N), steam, fog, mist	humo, vapor, neblina	fumée, vapeur, brouillard, brume	fumaça, vapor, névoa	other	249	FOG	4ge
597	smoke (N), steam, fog, mist	humo, vapor, neblina	fumée, vapeur, brouillard, brume	fumaça, vapor, névoa	other	1689	SMOKE (INHALE)	4ge
597	smoke (N), steam, fog, mist	humo, vapor, neblina	fumée, vapeur, brouillard, brume	fumaça, vapor, névoa	other	1193	STEAM	4ge
597	smoke (N), steam, fog, mist	humo, vapor, neblina	fumée, vapeur, brouillard, brume	fumaça, vapor, névoa	other	2067	STEAM (VERB)	4ge
#>>>								ge
598	smoke food	ahumar	fumer	defumar	verb		???	ge
599	snake	culebra, víbora	serpent	cobra	animal	730	SNAKE	2ge
600	sneeze	estornudar	éternuer	espirrar	verb	1621	SNEEZE	2ge
601	soft	suave	doux	macio	other	1856	SOFT	2ge
602	son	hijo	fils	filho	kinship	1620	SON	2ge
603	son-in-law	yerno	beau-fils	genro	kinship	1056	SON-IN-LAW	2ge
604	speak	hablar	parler	falar	verb	1623	SPEAK	2ge
605	spear	lanza	lance	lança	material culture	945	SPEAR	2ge
606	spider	araña	araignée	aranha	animal	843	SPIDER	2ge
607	spider monkey	maquizapa	singe-araignée	macaco-aranha, coatá	animal	434	SPIDER MONKEY	2ge
608	spiderweb	teleraña	toile d'araignée	teia	other		???	ge
609	spine	columna vertebral, espinazo	colonne vertébrale	espinha, espinha dorsal	body part	805	SPINE	2ge
#<<<								ge
610	spirit, ghost, of dead person	alma	esprit, fantôm, revenant, spectre	espírito de pessoa morta	other	53	SPIRIT	4ge
610	spirit, ghost, of dead person	alma	esprit, fantôm, revenant, spectre	espírito de pessoa morta	other	1175	GHOST	4ge
610	spirit, ghost, of dead person	alma	esprit, fantôm, revenant, spectre	espírito de pessoa morta	other	811	SOUL	4ge
#>>>								ge
#<<<								ge
611	spirit, soul, of live person/animal	alma	âme, esprit	espirito, alma de pessoa viva	other	619	ANIMAL	4ge
611	spirit, soul, of live person/animal	alma	âme, esprit	espirito, alma de pessoa viva	other	53	SPIRIT	4ge
611	spirit, soul, of live person/animal	alma	âme, esprit	espirito, alma de pessoa viva	other	2096	ANIMAL OR MEAT	4ge
611	spirit, soul, of live person/animal	alma	âme, esprit	espirito, alma de pessoa viva	other	811	SOUL	4ge
#>>>								ge
612	spit (N)	saliva	salive	saliva	body part	1503	SALIVA	2ge
613	spit (V)	escupir	cracher	cuspir	verb	1440	SPIT	2ge
#<<<								ge
614	split (VI), develop crack and separate down crack, of rigid obj such as plate or wood	partir(se)	se fendre, se fêler	partir-se	verb.intr.	1437	SPLIT	4ge
614	split (VI), develop crack and separate down crack, of rigid obj such as plate or wood	partir(se)	se fendre, se fêler	partir-se	verb.intr.	1295	STICK	4ge
614	split (VI), develop crack and separate down crack, of rigid obj such as plate or wood	partir(se)	se fendre, se fêler	partir-se	verb.intr.	1803	WOOD	4ge
614	split (VI), develop crack and separate down crack, of rigid obj such as plate or wood	partir(se)	se fendre, se fêler	partir-se	verb.intr.	2141	TREE OR WOOD	4ge
#>>>								ge
#<<<								ge
615	split (VT), cut or break down central axis and force apart, e.g. split a log or open belly of carcass	rajar, partir (leña)	fissurer, fêler	partir	verb	1432	CUT	4ge
615	split (VT), cut or break down central axis and force apart, e.g. split a log or open belly of carcass	rajar, partir (leña)	fissurer, fêler	partir	verb	1437	SPLIT	4ge
615	split (VT), cut or break down central axis and force apart, e.g. split a log or open belly of carcass	rajar, partir (leña)	fissurer, fêler	partir	verb	2156	CUT (WITH KNIFE)	4ge
615	split (VT), cut or break down central axis and force apart, e.g. split a log or open belly of carcass	rajar, partir (leña)	fissurer, fêler	partir	verb	2155	CUT (WITH SCISSORS)	4ge
#>>>								ge
#<<<								ge
616	squeeze (VT)	apretar	presser, serrer	apertar	verb	1414	SQUEEZE	4ge
616	squeeze (VT)	apretar	presser, serrer	apertar	verb	93	DRAW MILK	4ge
#>>>								ge
617	squeeze to juice, express a liquid (VT)	exprimir	presser	apertar	verb		???	ge
618	squirrel	ardilla	écureuil	esquilo	animal	1628	SQUIRREL	2ge
619	squirrel monkey, saimiri	(mono) fraile, frailecito, Saimiri	singe-écureuil, Saïmiri	macaco-de-cheiro	animal		???	ge
620	stab	picar, puñalar	piquer	apunhalar	verb	1434	STAB	2ge
621	star	estrella	étoile	estrela	other	1430	STAR	2ge
622	steal	robar	voler	roubar	verb	713	STEAL	2ge
623	stick	palo, palito	bâton	vara	other	1295	STICK	2ge
624	stick sth to surface (VT)	apegar	coller	afixar	verb		???	ge
625	stick to (VI)	apegarse	coller, s'attacher	afixar	verb		???	ge
626	stinɡray	raya	raie	arraia	animal		???	ge
#<<<								ge
627	stir, twirl stick by rubbing palms together, as in starting fire or stirring/whipping a liquid	batir, rodar utensilio	battre, fouetter	girar, rodar	verb	2017	MIX	4ge
627	stir, twirl stick by rubbing palms together, as in starting fire or stirring/whipping a liquid	batir, rodar utensilio	battre, fouetter	girar, rodar	verb	696	STIR	4ge
#>>>								ge
#<<<								ge
628	stone	piedra	pierre	pedra	other	857	STONE	2ge
628	stone	piedra	pierre	pedra	other	1762	STONE (OF FRUIT)	2ge
#>>>								ge
629	stop (VI)	parar, cesar	s'arrêter	parar	verb	1928	CEASE	4ge
630	straight (of path)	derecho	droit	direito	other	1404	STRAIGHT	4ge
631	strain liquid (VT)	colar (cernir)	filtrer	coar, filtrar	verb		???	ge
632	stream	quebrada, arroyo (riachuelo)	ruisseau	angra, córrego	other	947	STREAM	2ge
633	stretch out, spread out, of 2D object, VT	tender	étendre	alongar, esticar	verb	38	SPREAD OUT	4ge
634	stretch, extend body part (VT)	estirar	étirer	espichar-se, esticar-se	verb	214	STRETCH	4ge
635	suck	chupar	sucer	chupar	verb	1421	SUCK	2ge
636	sugar cane	caña de azucar	canne à sucre	cana de açúcar	other	146	SUGAR CANE	2ge
637	sun	sol	soleil	sol	other	1343	SUN	2ge
638	swallow	tragar	avaler	engolir	verb	897	SWALLOW	2ge
#<<<								ge
639	sweat	sudar	transpirer	suor	other	2458	PERSPIRE OR SWEAT	2ge
639	sweat	sudar	transpirer	suor	other	125	SWEAT (SUBSTANCE)	2ge
#>>>								ge
640	sweep	barrer	balayer	varrer	verb	230	SWEEP	2ge
641	sweet potato	camote	patate douce	batata doce	other	159	SWEET POTATO	2ge
642	swell	hincharse	gonfler, enfler	inchar	verb	1573	SWELL	2ge
643	swim	nadar	nager	nadar	verb	1439	SWIM	2ge
644	tail	rabo, cola	queue	cauda, rabo	other	1220	TAIL	2ge
#<<<								ge
645	take (VT)	llevar	prendre	transportar, levar	verb	1749	TAKE	4ge
645	take (VT)	llevar	prendre	transportar, levar	verb	2104	HOLD OR TAKE	4ge
#>>>								ge
646	tamandua	shihui, oso melero, oso hormiguero Amazónico	tamandua	tamanduá	animal		???	ge
647	tamarin, emperor	pichico	tamarin empereur	pichico, sagui-imperador	animal	1508	KING	4ge
648	tambo, temporary palm shelter	tambo		abrigo, tambo	other		???	ge
649	tapir	sachavaca, danta	tapir	tapir, anta	other	312	TAPIR	2ge
650	tayra	humayro, irará, eirá, tayra, cabeza de mate, cabeza de viejo, sanjool, hurón mayor, eira barbara, manco	tayra, eira barbara	irara	animal		???	ge
651	teach	enseñar	apprendre, enseigner	ensinar	verb	709	TEACH	2ge
#<<<								ge
652	tear, break flexible obj, VT	desgarrar, rasgar, romper	déchirer	rasgar, romper	verb	1651	TEAR (OF EYE)	4ge
652	tear, break flexible obj, VT	desgarrar, rasgar, romper	déchirer	rasgar, romper	verb	1735	TEAR (SHRED)	4ge
#>>>								ge
#<<<								ge
653	tear, break, of sth flexible, VI	romperse (algo flexible)	se déchirer	rasgar-se, romper-se	verb	1651	TEAR (OF EYE)	4ge
653	tear, break, of sth flexible, VI	romperse (algo flexible)	se déchirer	rasgar-se, romper-se	verb	680	BREAK (DESTROY OR GET DESTROYED)	4ge
653	tear, break, of sth flexible, VI	romperse (algo flexible)	se déchirer	rasgar-se, romper-se	verb	1735	TEAR (SHRED)	4ge
653	tear, break, of sth flexible, VI	romperse (algo flexible)	se déchirer	rasgar-se, romper-se	verb	681	DESTROY	4ge
653	tear, break, of sth flexible, VI	romperse (algo flexible)	se déchirer	rasgar-se, romper-se	verb	2558	BREAK (CLEAVE)	4ge
653	tear, break, of sth flexible, VI	romperse (algo flexible)	se déchirer	rasgar-se, romper-se	verb	460	BREAK (OF ROPE)	4ge
#>>>								ge
#<<<								ge
654	tell, tell story, warn, teach	contar, avisar	raconter, prévenir, enseigner	contar, avisar	verb	601	LIE (MISLEAD)	4ge
654	tell, tell story, warn, teach	contar, avisar	raconter, prévenir, enseigner	contar, avisar	verb	1711	TELL	4ge
654	tell, tell story, warn, teach	contar, avisar	raconter, prévenir, enseigner	contar, avisar	verb	709	TEACH	4ge
#>>>								ge
655	termite	comejen	termite	cupim	insect	883	TERMITE	2ge
656	testicles	testículos	testicules	testículos	body part	797	TESTICLES	2ge
657	that	ese	ce, cela, ça	que	other	78	THAT	2ge
658	thatch a roof	techar	couvrir de chaume	telhar	verb		???	ge
659	thatch palm	irapay, “hoja del techo”	chaume	telhado de colmo, sapé, palha de palmeira	plant		???	ge
660	there	allá	là, là-bas	lá, ali, aí	other	1937	THERE	2ge
661	they	ellos	ils, elles	eles	pro	817	THEY	2ge
#<<<								ge
662	thick (dimension)	grueso	épais	grosso	other	1244	THICK	4ge
662	thick (dimension)	grueso	épais	grosso	other	1279	FAT (OBESE)	4ge
662	thick (dimension)	grueso	épais	grosso	other	2151	COARSE	4ge
662	thick (dimension)	grueso	épais	grosso	other	2239	DENSE	4ge
#>>>								ge
#<<<								ge
663	thick, pasty, of liquid	espeso	épais	espesso	other	1244	THICK	4ge
663	thick, pasty, of liquid	espeso	épais	espesso	other	1279	FAT (OBESE)	4ge
663	thick, pasty, of liquid	espeso	épais	espesso	other	2151	COARSE	4ge
663	thick, pasty, of liquid	espeso	épais	espesso	other	2239	DENSE	4ge
#>>>								ge
664	thigh	muslo	cuisse	coxa	body part	800	THIGH	2ge
#<<<								ge
665	think	pensar	penser	pensar	verb.stat	2271	THINK	2ge
665	think	pensar	penser	pensar	verb.stat	1415	THINK (REFLECT)	2ge
#>>>								ge
666	this	este	ce, ceci, ça	este	other	1214	THIS	2ge
667	thorn	espina	épine	espinho	body part	124	THORN	2ge
668	three	tres	trois	três	num	492	THREE	2ge
669	throw (sth through the air, to another person, NOT throw away)	tirar, echar	jeter, lancer	atirar	verb	1456	THROW	4ge
#<<<								ge
670	thunder (V)	tronar	tonner, gronder	troar, trovejar	verb	1732	SKY	4ge
670	thunder (V)	tronar	tonner, gronder	troar, trovejar	verb	1150	THUNDER	4ge
670	thunder (V)	tronar	tonner, gronder	troar, trovejar	verb	2378	THUNDER (VERB)	4ge
#>>>								ge
671	thunder spirit (N)	trueno	tonnerre	trovão	other		???	ge
672	tick	garrapata	tique	carrapato	animal	1527	TICK	2ge
673	tie (general)	amarrar, atar	lier	atar, amarrar, laçar	verb	1917	TIE	4ge
674	tie cord to itself, make loop	enrollar soga	enrouler	atar	verb		???	ge
675	tie sth up (not w loop), bind sth with cord	amarrar	amarrer	amarrar	verb		???	ge
#<<<								ge
676	to, for the benefit of, for	a, en beneficio de, para	pour	para o benefício de, por, para	ad.ben	1336	EAT	4ge
676	to, for the benefit of, for	a, en beneficio de, para	pour	para o benefício de, por, para	ad.ben	1409	SEE	4ge
676	to, for the benefit of, for	a, en beneficio de, para	pour	para o benefício de, por, para	ad.ben	1585	SLEEP	4ge
676	to, for the benefit of, for	a, en beneficio de, para	pour	para o benefício de, por, para	ad.ben	1401	DRINK	4ge
676	to, for the benefit of, for	a, en beneficio de, para	pour	para o benefício de, por, para	ad.ben	1447	GIVE	4ge
676	to, for the benefit of, for	a, en beneficio de, para	pour	para o benefício de, por, para	ad.ben	1416	SIT	4ge
676	to, for the benefit of, for	a, en beneficio de, para	pour	para o benefício de, por, para	ad.ben	1408	HEAR	4ge
676	to, for the benefit of, for	a, en beneficio de, para	pour	para o benefício de, por, para	ad.ben	1494	DIE	4ge
676	to, for the benefit of, for	a, en beneficio de, para	pour	para o benefício de, por, para	ad.ben	1446	COME	4ge
676	to, for the benefit of, for	a, en beneficio de, para	pour	para o benefício de, por, para	ad.ben	1442	STAND	4ge
676	to, for the benefit of, for	a, en beneficio de, para	pour	para o benefício de, por, para	ad.ben	1410	KNOW (SOMETHING)	4ge
676	to, for the benefit of, for	a, en beneficio de, para	pour	para o benefício de, por, para	ad.ben	1403	BITE	4ge
676	to, for the benefit of, for	a, en beneficio de, para	pour	para o benefício de, por, para	ad.ben	1441	FLY (MOVE THROUGH AIR)	4ge
676	to, for the benefit of, for	a, en beneficio de, para	pour	para o benefício de, por, para	ad.ben	1443	WALK	4ge
676	to, for the benefit of, for	a, en beneficio de, para	pour	para o benefício de, por, para	ad.ben	1439	SWIM	4ge
676	to, for the benefit of, for	a, en beneficio de, para	pour	para o benefício de, por, para	ad.ben	1355	LAUGH	4ge
676	to, for the benefit of, for	a, en beneficio de, para	pour	para o benefício de, por, para	ad.ben	1422	BE ALIVE	4ge
676	to, for the benefit of, for	a, en beneficio de, para	pour	para o benefício de, por, para	ad.ben	1419	FEAR (BE AFRAID)	4ge
676	to, for the benefit of, for	a, en beneficio de, para	pour	para o benefício de, por, para	ad.ben	1457	SEW	4ge
676	to, for the benefit of, for	a, en beneficio de, para	pour	para o benefício de, por, para	ad.ben	1421	SUCK	4ge
676	to, for the benefit of, for	a, en beneficio de, para	pour	para o benefício de, por, para	ad.ben	1440	SPIT	4ge
676	to, for the benefit of, for	a, en beneficio de, para	pour	para o benefício de, por, para	ad.ben	1452	PUSH	4ge
676	to, for the benefit of, for	a, en beneficio de, para	pour	para o benefício de, por, para	ad.ben	1433	HIT	4ge
676	to, for the benefit of, for	a, en beneficio de, para	pour	para o benefício de, por, para	ad.ben	1839	CRY	4ge
676	to, for the benefit of, for	a, en beneficio de, para	pour	para o benefício de, por, para	ad.ben	695	GO	4ge
676	to, for the benefit of, for	a, en beneficio de, para	pour	para o benefício de, por, para	ad.ben	1623	SPEAK	4ge
676	to, for the benefit of, for	a, en beneficio de, para	pour	para o benefício de, por, para	ad.ben	1586	SMELL (PERCEIVE)	4ge
676	to, for the benefit of, for	a, en beneficio de, para	pour	para o benefício de, por, para	ad.ben	319	LICK	4ge
676	to, for the benefit of, for	a, en beneficio de, para	pour	para o benefício de, por, para	ad.ben	602	HIDE (CONCEAL)	4ge
676	to, for the benefit of, for	a, en beneficio de, para	pour	para o benefício de, por, para	ad.ben	1090	BE BORN	4ge
676	to, for the benefit of, for	a, en beneficio de, para	pour	para o benefício de, por, para	ad.ben	1415	THINK (REFLECT)	4ge
676	to, for the benefit of, for	a, en beneficio de, para	pour	para o benefício de, por, para	ad.ben	1387	ARRIVE	4ge
676	to, for the benefit of, for	a, en beneficio de, para	pour	para o benefício de, por, para	ad.ben	1195	GIVE BIRTH	4ge
676	to, for the benefit of, for	a, en beneficio de, para	pour	para o benefício de, por, para	ad.ben	1159	FART	4ge
676	to, for the benefit of, for	a, en beneficio de, para	pour	para o benefício de, por, para	ad.ben	203	MARRY	4ge
676	to, for the benefit of, for	a, en beneficio de, para	pour	para o benefício de, por, para	ad.ben	814	DRESS UP	4ge
#>>>								ge
677	tobacco	tabaco	tabac	tabaco, fumo	other	974	TOBACCO	2ge
678	toe	dedo de pie	orteille	dedo do pé	body part	1389	TOE	2ge
#<<<								ge
679	toenail	uña de pie	ongle de pied	garra pé	body part	1896	FINGERNAIL OR TOENAIL	2ge
679	toenail	uña de pie	ongle de pied	garra pé	body part	2662	TOENAIL	2ge
#>>>								ge
680	tomorrow	mañana	demain	amanhã	temporal adv	1329	TOMORROW	2ge
681	tongue	lengua	langue	língua	body part	1205	TONGUE	2ge
682	tooth	diente	tooth	dente	body part	1380	TOOTH	2ge
683	top	cima	haut	topo	other	1753	TOP	2ge
684	toucan	tucán	toucan	tucano	bird	308	TOUCAN	2ge
685	track, of an animal	pista	suivre à la trace	pista	other	318	FOOTPRINT	4ge
686	tree	árbol, palo	arbre	árvore	plant	906	TREE	2ge
687	trumpeter	trompetero	agami trompette	jacamim	other		???	ge
688	trunk (of tree)	tronco	écorce	tronco	other	344	TREE TRUNK	2ge
689	tuber sp. “sachapapa”	sachapapa	igname	inhame	other		???	ge
#<<<								ge
690	turn (general), turn around in place exactly once (VI)	voltearse	se retourner	virar-se	verb	1588	TURN	4ge
690	turn (general), turn around in place exactly once (VI)	voltearse	se retourner	virar-se	verb	1445	TURN (SOMETHING)	4ge
690	turn (general), turn around in place exactly once (VI)	voltearse	se retourner	virar-se	verb	1444	TURN AROUND	4ge
#>>>								ge
691	turn sth around, overturn sth once (VT)	voltear	renverser	virar	verb		???	ge
692	turtle, aquatic, general	tortuga (acuatica)	tortue de mer	tartaruga (aquático)	animal	112	TURTLE	4ge
693	twist (VT)	torcer (chambira, hilos, sogas), trenzar	tordre	torcer, distorcer	verb	430	TWIST	4ge
694	twist, revolve (VI) until twisted	torcerse	se tordre	torcer, distorcer	verb	430	TWIST	4ge
695	two	dos	deux	dois	num	1498	TWO	2ge
696	unripe	verde (fruta)	vert, pas mûr	verde (fruta)	other	1958	UNRIPE	2ge
697	untie (VT)	desatar	detacher, defaire	desatar, desamarrar	verb	352	UNTIE	4ge
698	upriver	río arriba	en amont	rio acima	terrain		???	ge
699	urinate	orinar	uriner	urinar	verb	592	PISS	2ge
700	vagina	vagina	vagin	vagina	body part	1836	VAGINA	2ge
701	vein, artery	vena, arteria	veine, artère	veia, artéria	body part	525	BLOOD VESSEL	2ge
702	village	pueblo	village	cidade, aldeia, vila	other	930	VILLAGE	2ge
703	vomit	vomitar	vomir	vômito	other	1278	VOMIT	2ge
704	vulture	buitre, gallinazo	vautour	abutre, buzzard	animal	1185	VULTURE	2ge
#<<<								ge
705	waist/hips	cinturon, cadera	taille, hanche	cinto, quadril	body part	1745	HIP	4ge
705	waist/hips	cinturon, cadera	taille, hanche	cinto, quadril	body part	1681	WAIST	4ge
#>>>								ge
706	wait for	esperar	attendre	esperar	verb	1590	WAIT (FOR)	2ge
707	wake up, VI	despertarse	se réveiller	acordar	verb	1602	WAKE UP	4ge
708	wake up, VT	despertar	reveiller	despertar	verb	1602	WAKE UP	4ge
709	walk	caminar	marcher, se promener	andar, caminhar	verb	1443	WALK	2ge
#<<<								ge
710	wall, fence	pared, cerca	mur, clôture	cerca, parede	other	933	WALL (OF HOUSE)	4ge
710	wall, fence	pared, cerca	mur, clôture	cerca, parede	other	1690	FENCE	4ge
#>>>								ge
711	want	querer	vouloir, avoir envie de	querer	verb	1784	WANT	2ge
712	war club	porra, macana	macana	macana	other		???	ge
#<<<								ge
713	war, army	guerra	guerra	guerra	other	935	WAR	4ge
713	war, army	guerra	guerra	guerra	other	1561	ARMY	4ge
713	war, army	guerra	guerra	guerra	other	579	BATTLE	4ge
#>>>								ge
714	wash	lavar	laver	lavar	verb	1453	WASH	2ge
715	wasp, general	avispa	guêpe	vespa	animal	1517	WASP	4ge
716	water	agua	eau	água	other	948	WATER	2ge
717	we (excl)	nosotros.excl	nous	nosotros.excl	pro	1130	WE (EXCLUSIVE)	2ge
718	we (incl)	nosotros.incl	nous	nosso	pro	1131	WE (INCLUSIVE)	2ge
#<<<								ge
719	weave (leaves into basket)	tejer hoja	tresser	trançar, entrelaçar	verb	133	WEAVE	4ge
719	weave (leaves into basket)	tejer hoja	tresser	trançar, entrelaçar	verb	1729	PLAIT OR BRAID OR WEAVE	4ge
#>>>								ge
#<<<								ge
720	weave (leaves into thatch)	tejer crizneja	tresser	trançar, entrelaçar, (telhado) cobrir com palha	verb	133	WEAVE	4ge
720	weave (leaves into thatch)	tejer crizneja	tresser	trançar, entrelaçar, (telhado) cobrir com palha	verb	1729	PLAIT OR BRAID OR WEAVE	4ge
#>>>								ge
#<<<								ge
721	weave (thread or cord)	tejer, trenzar	tisser	trançar	verb	1218	ROPE	4ge
721	weave (thread or cord)	tejer, trenzar	tisser	trançar	verb	1917	TIE	4ge
721	weave (thread or cord)	tejer, trenzar	tisser	trançar	verb	133	WEAVE	4ge
721	weave (thread or cord)	tejer, trenzar	tisser	trançar	verb	648	PAPER	4ge
721	weave (thread or cord)	tejer, trenzar	tisser	trançar	verb	1729	PLAIT OR BRAID OR WEAVE	4ge
#>>>								ge
722	weed (V)	cultivar, desherbar	désherber	cultivar, capinar	verb		???	ge
723	wet	mojado	mouillé	molhado	other	1726	WET	2ge
724	what?	qué?	quoi?	que	other	1236	WHAT	2ge
725	when?	cuándo?	quand?	quando?	other	1238	WHEN	2ge
726	where?	dónde?	où?	Onde?	other	1237	WHERE	2ge
727	whisper	susurrar	chuchotter, murmurer	sussurro	other	55	WHISPER	2ge
728	whistle	silbar	siffler	assobiar	verb	1025	WHISTLE	2ge
729	white-lipped.peccary	huangana, puerco	pécari à bouche blanche	queixada, taiaçu	animal		???	ge
730	who?	quién?	qui	Quem?	other	1235	WHO	2ge
731	wife	esposa	femme	esposa	kinship	1199	WIFE	2ge
732	wild cane (Sagittatum sp.)	caña brava, tañil	canne flèche	cana-brava	other		???	ge
733	wind	viento	vent	vento	other	960	WIND	2ge
734	wing	ala	aile	asa	body part	1257	WING	2ge
735	wipe	borrar, limpiar frotando	essuyer	limpar	verb	1454	WIPE	2ge
#<<<								ge
736	witch, shaman	brujo	sorcier, sorcière, chaman	feiticeiro	other	2137	MAGICIAN	4ge
736	witch, shaman	brujo	sorcier, sorcière, chaman	feiticeiro	other	394	SHAMAN (FOLK HEALER)	4ge
736	witch, shaman	brujo	sorcier, sorcière, chaman	feiticeiro	other	824	WITCH	4ge
#>>>								ge
#<<<								ge
737	with, comitative	con (persona)	avec	com (pessoa)	ad.com	1200	HUSBAND	4ge
737	with, comitative	con (persona)	avec	com (pessoa)	ad.com	1340	WITH	4ge
#>>>								ge
738	woman	mujer	femme	mulher	other	962	WOMAN	2ge
739	woolly monkey	(mono) choro, churuco, mono barrigudo	lagotriche, singe laineux	macaco barrigudo	animal		???	ge
#<<<								ge
740	work (VI)	trabajar	travailler	trabalhar	verb	1086	WORK (ACTIVITY)	4ge
740	work (VI)	trabajar	travailler	trabalhar	verb	984	WORK (LABOUR)	4ge
740	work (VI)	trabajar	travailler	trabalhar	verb	2281	WORKING OR WORK	4ge
#>>>								ge
741	world	mundo	monde	mundo	other	965	WORLD	2ge
#<<<								ge
742	worm, earthworm, NOT parasitic	lombriz, gusano	ver	minhoca	insect	1219	WORM	4ge
742	worm, earthworm, NOT parasitic	lombriz, gusano	ver	minhoca	insect	2350	EARTHWORM	4ge
#>>>								ge
743	worm, parasitic, internal	gusano, lombriz	vers intestinaux	verme	insect	1219	WORM	4ge
744	wound (N)	herida	blessure	ferida	other	1109	WOUND	4ge
745	wrap (VT)	envolver	envelopper	envolver	verb	1113	WRAP	4ge
746	wrist	muñeca	poignet	pulso, munheca	body part	799	WRIST	2ge
747	yes	sí	oui	sim	other	1268	YES	2ge
748	you.pl	ustedes	vous	vocês	pro		???	ge
749	you.sg	tú	tu	você	pro	1215	THOU	2ge
750	young man	joven	jeune homme	jovem	other	76	YOUNG MAN	2ge
751	young woman	muchacha, chica	jeunne femme, mademoiselle	menina	other	77	YOUNG WOMAN	4ge
752	younger brother	hermano menor	frère cadet	Irmão mais novo	kinship	1760	YOUNGER BROTHER	2ge
753	younger sibling, opposite sex	hermano/a menor	frère/sœur cadet(te)	irmão / a menor	kinship	427	YOUNGER SIBLING	4ge
#<<<								ge
754	younger sibling, same sex	hermano/a menor	frère/sœur cadet(te)	irmão / a menor	kinship	1759	OLDER BROTHER	4ge
754	younger sibling, same sex	hermano/a menor	frère/sœur cadet(te)	irmão / a menor	kinship	427	YOUNGER SIBLING	4ge
#>>>								ge
755	younger sister	hermana menor	sœur cadette	irmã mais nova	kinship	1761	YOUNGER SISTER	2ge
#	592/755	78%					ge

